System,Device,SensingDevice,Sensor,name,value,timestamp,location
MA TestSystem,device_out,aqara_multisensor_2,aqara_temp_2,t4,7.080000000000001,2021-01-01 02:00:00+01:00,outside
MA TestSystem,device_in_1,esp8266_2,ds18b20_2,t2,23.69,2021-01-01 02:00:00+01:00,room1
MA TestSystem,device_in_1,esp8266_1,ds18b20_1,t1,22.69,2021-01-01 02:00:00+01:00,room1
MA TestSystem,device_in_2,aqara_multisensor_1,aqara_temp_1,t3,22.32333333333333,2021-01-01 02:00:00+01:00,room2
MA TestSystem,device_main,raspberry,,processor,7.080000000000001,2021-01-01 02:00:05+01:00,outside
MA TestSystem,device_main,raspberry,,processor,23.69,2021-01-01 02:00:05+01:00,room1
MA TestSystem,device_main,raspberry,,processor,22.69,2021-01-01 02:00:05+01:00,room1
MA TestSystem,device_main,raspberry,,processor,22.32333333333333,2021-01-01 02:00:05+01:00,room2
MA TestSystem,device_in_1,esp8266_1,ds18b20_1,t1,22.46,2021-01-01 03:00:00+01:00,room1
MA TestSystem,device_out,aqara_multisensor_2,aqara_temp_2,t4,7.25,2021-01-01 03:00:00+01:00,outside
MA TestSystem,device_in_2,aqara_multisensor_1,aqara_temp_1,t3,22.293333333333333,2021-01-01 03:00:00+01:00,room2
MA TestSystem,device_in_1,esp8266_2,ds18b20_2,t2,23.69,2021-01-01 03:00:00+01:00,room1
MA TestSystem,device_main,raspberry,,processor,22.293333333333333,2021-01-01 03:00:05+01:00,room2
MA TestSystem,device_main,raspberry,,processor,22.46,2021-01-01 03:00:05+01:00,room1
MA TestSystem,device_main,raspberry,,processor,7.25,2021-01-01 03:00:05+01:00,outside
MA TestSystem,device_main,raspberry,,processor,23.69,2021-01-01 03:00:05+01:00,room1
MA TestSystem,device_out,aqara_multisensor_2,aqara_temp_2,t4,7.34,2021-01-01 04:00:00+01:00,outside
MA TestSystem,device_in_2,aqara_multisensor_1,aqara_temp_1,t3,22.44,2021-01-01 04:00:00+01:00,room2
MA TestSystem,device_in_1,esp8266_1,ds18b20_1,t1,22.38,2021-01-01 04:00:00+01:00,room1
MA TestSystem,device_in_1,esp8266_2,ds18b20_2,t2,23.81,2021-01-01 04:00:00+01:00,room1
MA TestSystem,device_main,raspberry,,processor,22.38,2021-01-01 04:00:05+01:00,room1
MA TestSystem,device_main,raspberry,,processor,22.44,2021-01-01 04:00:05+01:00,room2
MA TestSystem,device_main,raspberry,,processor,23.81,2021-01-01 04:00:05+01:00,room1
MA TestSystem,device_main,raspberry,,processor,7.34,2021-01-01 04:00:05+01:00,outside
MA TestSystem,device_in_1,esp8266_2,ds18b20_2,t2,23.69,2021-01-01 05:00:00+01:00,room1
MA TestSystem,device_in_2,aqara_multisensor_1,aqara_temp_1,t3,22.33,2021-01-01 05:00:00+01:00,room2
MA TestSystem,device_out,aqara_multisensor_2,aqara_temp_2,t4,7.470000000000001,2021-01-01 05:00:00+01:00,outside
MA TestSystem,device_in_1,esp8266_1,ds18b20_1,t1,22.436666666666667,2021-01-01 05:00:00+01:00,room1
MA TestSystem,device_main,raspberry,,processor,22.33,2021-01-01 05:00:05+01:00,room2
MA TestSystem,device_main,raspberry,,processor,23.69,2021-01-01 05:00:05+01:00,room1
MA TestSystem,device_main,raspberry,,processor,7.470000000000001,2021-01-01 05:00:05+01:00,outside
MA TestSystem,device_main,raspberry,,processor,22.436666666666667,2021-01-01 05:00:05+01:00,room1
MA TestSystem,device_in_1,esp8266_2,ds18b20_2,t2,23.88,2021-01-01 06:00:00+01:00,room1
MA TestSystem,device_in_2,aqara_multisensor_1,aqara_temp_1,t3,22.22666666666667,2021-01-01 06:00:00+01:00,room2
MA TestSystem,device_out,aqara_multisensor_2,aqara_temp_2,t4,7.39,2021-01-01 06:00:00+01:00,outside
MA TestSystem,device_in_1,esp8266_1,ds18b20_1,t1,22.5,2021-01-01 06:00:00+01:00,room1
MA TestSystem,device_main,raspberry,,processor,23.88,2021-01-01 06:00:05+01:00,room1
MA TestSystem,device_main,raspberry,,processor,22.22666666666667,2021-01-01 06:00:05+01:00,room2
MA TestSystem,device_main,raspberry,,processor,7.39,2021-01-01 06:00:05+01:00,outside
MA TestSystem,device_main,raspberry,,processor,22.5,2021-01-01 06:00:05+01:00,room1
MA TestSystem,device_in_1,esp8266_1,ds18b20_1,t1,22.5,2021-01-01 07:00:00+01:00,room1
MA TestSystem,device_in_1,esp8266_2,ds18b20_2,t2,23.75,2021-01-01 07:00:00+01:00,room1
MA TestSystem,device_out,aqara_multisensor_2,aqara_temp_2,t4,7.146666666666666,2021-01-01 07:00:00+01:00,outside
MA TestSystem,device_in_2,aqara_multisensor_1,aqara_temp_1,t3,22.406666666666663,2021-01-01 07:00:00+01:00,room2
MA TestSystem,device_main,raspberry,,processor,22.5,2021-01-01 07:00:05+01:00,room1
MA TestSystem,device_main,raspberry,,processor,23.75,2021-01-01 07:00:05+01:00,room1
MA TestSystem,device_main,raspberry,,processor,22.406666666666663,2021-01-01 07:00:05+01:00,room2
MA TestSystem,device_main,raspberry,,processor,7.146666666666666,2021-01-01 07:00:05+01:00,outside
MA TestSystem,device_in_1,esp8266_1,ds18b20_1,t1,22.626666666666665,2021-01-01 08:00:00+01:00,room1
MA TestSystem,device_in_1,esp8266_2,ds18b20_2,t2,24.06,2021-01-01 08:00:00+01:00,room1
MA TestSystem,device_out,aqara_multisensor_2,aqara_temp_2,t4,6.756666666666667,2021-01-01 08:00:00+01:00,outside
MA TestSystem,device_in_2,aqara_multisensor_1,aqara_temp_1,t3,21.686666666666667,2021-01-01 08:00:00+01:00,room2
MA TestSystem,device_main,raspberry,,processor,24.06,2021-01-01 08:00:05+01:00,room1
MA TestSystem,device_main,raspberry,,processor,21.686666666666667,2021-01-01 08:00:05+01:00,room2
MA TestSystem,device_main,raspberry,,processor,6.756666666666667,2021-01-01 08:00:05+01:00,outside
MA TestSystem,device_main,raspberry,,processor,22.626666666666665,2021-01-01 08:00:05+01:00,room1
MA TestSystem,device_in_2,aqara_multisensor_1,aqara_temp_1,t3,21.136000000000003,2021-01-01 09:00:00+01:00,room2
MA TestSystem,device_in_1,esp8266_2,ds18b20_2,t2,23.83333333333333,2021-01-01 09:00:00+01:00,room1
MA TestSystem,device_in_1,esp8266_1,ds18b20_1,t1,22.035,2021-01-01 09:00:00+01:00,room1
MA TestSystem,device_out,aqara_multisensor_2,aqara_temp_2,t4,6.655,2021-01-01 09:00:00+01:00,outside
MA TestSystem,device_main,raspberry,,processor,21.136000000000003,2021-01-01 09:00:05+01:00,room2
MA TestSystem,device_main,raspberry,,processor,6.655,2021-01-01 09:00:05+01:00,outside
MA TestSystem,device_main,raspberry,,processor,22.035,2021-01-01 09:00:05+01:00,room1
MA TestSystem,device_main,raspberry,,processor,23.83333333333333,2021-01-01 09:00:05+01:00,room1
MA TestSystem,device_out,aqara_multisensor_2,aqara_temp_2,t4,7.093333333333334,2021-01-01 10:00:00+01:00,outside
MA TestSystem,device_in_1,esp8266_2,ds18b20_2,t2,23.856666666666666,2021-01-01 10:00:00+01:00,room1
MA TestSystem,device_in_1,esp8266_1,ds18b20_1,t1,22.285,2021-01-01 10:00:00+01:00,room1
MA TestSystem,device_in_2,aqara_multisensor_1,aqara_temp_1,t3,21.92,2021-01-01 10:00:00+01:00,room2
MA TestSystem,device_main,raspberry,,processor,7.093333333333334,2021-01-01 10:00:05+01:00,outside
MA TestSystem,device_main,raspberry,,processor,21.92,2021-01-01 10:00:05+01:00,room2
MA TestSystem,device_main,raspberry,,processor,23.856666666666666,2021-01-01 10:00:05+01:00,room1
MA TestSystem,device_main,raspberry,,processor,22.285,2021-01-01 10:00:05+01:00,room1
MA TestSystem,device_in_1,esp8266_1,ds18b20_1,t1,22.27333333333333,2021-01-01 11:00:00+01:00,room1
MA TestSystem,device_in_2,aqara_multisensor_1,aqara_temp_1,t3,22.26,2021-01-01 11:00:00+01:00,room2
MA TestSystem,device_in_1,esp8266_2,ds18b20_2,t2,24.25,2021-01-01 11:00:00+01:00,room1
MA TestSystem,device_out,aqara_multisensor_2,aqara_temp_2,t4,7.695,2021-01-01 11:00:00+01:00,outside
MA TestSystem,device_main,raspberry,,processor,7.695,2021-01-01 11:00:05+01:00,outside
MA TestSystem,device_main,raspberry,,processor,24.25,2021-01-01 11:00:05+01:00,room1
MA TestSystem,device_main,raspberry,,processor,22.26,2021-01-01 11:00:05+01:00,room2
MA TestSystem,device_main,raspberry,,processor,22.27333333333333,2021-01-01 11:00:05+01:00,room1
MA TestSystem,device_out,aqara_multisensor_2,aqara_temp_2,t4,7.97,2021-01-01 12:00:00+01:00,outside
MA TestSystem,device_in_1,esp8266_2,ds18b20_2,t2,24.21,2021-01-01 12:00:00+01:00,room1
MA TestSystem,device_in_2,aqara_multisensor_1,aqara_temp_1,t3,22.405,2021-01-01 12:00:00+01:00,room2
MA TestSystem,device_in_1,esp8266_1,ds18b20_1,t1,22.375,2021-01-01 12:00:00+01:00,room1
MA TestSystem,device_main,raspberry,,processor,7.97,2021-01-01 12:00:05+01:00,outside
MA TestSystem,device_main,raspberry,,processor,22.375,2021-01-01 12:00:05+01:00,room1
MA TestSystem,device_main,raspberry,,processor,22.405,2021-01-01 12:00:05+01:00,room2
MA TestSystem,device_main,raspberry,,processor,24.21,2021-01-01 12:00:05+01:00,room1
MA TestSystem,device_in_2,aqara_multisensor_1,aqara_temp_1,t3,22.455,2021-01-01 13:00:00+01:00,room2
MA TestSystem,device_in_1,esp8266_1,ds18b20_1,t1,22.595,2021-01-01 13:00:00+01:00,room1
MA TestSystem,device_out,aqara_multisensor_2,aqara_temp_2,t4,8.07,2021-01-01 13:00:00+01:00,outside
MA TestSystem,device_in_1,esp8266_2,ds18b20_2,t2,24.19,2021-01-01 13:00:00+01:00,room1
MA TestSystem,device_main,raspberry,,processor,24.19,2021-01-01 13:00:05+01:00,room1
MA TestSystem,device_main,raspberry,,processor,22.595,2021-01-01 13:00:05+01:00,room1
MA TestSystem,device_main,raspberry,,processor,22.455,2021-01-01 13:00:05+01:00,room2
MA TestSystem,device_main,raspberry,,processor,8.07,2021-01-01 13:00:05+01:00,outside
MA TestSystem,device_in_1,esp8266_1,ds18b20_1,t1,22.626666666666665,2021-01-01 14:00:00+01:00,room1
MA TestSystem,device_out,aqara_multisensor_2,aqara_temp_2,t4,8.01,2021-01-01 14:00:00+01:00,outside
MA TestSystem,device_in_2,aqara_multisensor_1,aqara_temp_1,t3,22.137500000000003,2021-01-01 14:00:00+01:00,room2
MA TestSystem,device_in_1,esp8266_2,ds18b20_2,t2,24.38,2021-01-01 14:00:00+01:00,room1
MA TestSystem,device_main,raspberry,,processor,22.137500000000003,2021-01-01 14:00:05+01:00,room2
MA TestSystem,device_main,raspberry,,processor,22.626666666666665,2021-01-01 14:00:05+01:00,room1
MA TestSystem,device_main,raspberry,,processor,8.01,2021-01-01 14:00:05+01:00,outside
MA TestSystem,device_main,raspberry,,processor,24.38,2021-01-01 14:00:05+01:00,room1
MA TestSystem,device_in_1,esp8266_2,ds18b20_2,t2,24.5,2021-01-01 15:00:00+01:00,room1
MA TestSystem,device_in_2,aqara_multisensor_1,aqara_temp_1,t3,22.26,2021-01-01 15:00:00+01:00,room2
MA TestSystem,device_out,aqara_multisensor_2,aqara_temp_2,t4,7.97,2021-01-01 15:00:00+01:00,outside
MA TestSystem,device_in_1,esp8266_1,ds18b20_1,t1,22.655,2021-01-01 15:00:00+01:00,room1
MA TestSystem,device_main,raspberry,,processor,7.97,2021-01-01 15:00:05+01:00,outside
MA TestSystem,device_main,raspberry,,processor,22.655,2021-01-01 15:00:05+01:00,room1
MA TestSystem,device_main,raspberry,,processor,22.26,2021-01-01 15:00:05+01:00,room2
MA TestSystem,device_main,raspberry,,processor,24.5,2021-01-01 15:00:05+01:00,room1
MA TestSystem,device_in_1,esp8266_2,ds18b20_2,t2,24.38,2021-01-01 16:00:00+01:00,room1
MA TestSystem,device_in_2,aqara_multisensor_1,aqara_temp_1,t3,22.05666666666667,2021-01-01 16:00:00+01:00,room2
MA TestSystem,device_out,aqara_multisensor_2,aqara_temp_2,t4,7.41,2021-01-01 16:00:00+01:00,outside
MA TestSystem,device_in_1,esp8266_1,ds18b20_1,t1,22.375,2021-01-01 16:00:00+01:00,room1
MA TestSystem,device_main,raspberry,,processor,22.375,2021-01-01 16:00:05+01:00,room1
MA TestSystem,device_main,raspberry,,processor,7.41,2021-01-01 16:00:05+01:00,outside
MA TestSystem,device_main,raspberry,,processor,22.05666666666667,2021-01-01 16:00:05+01:00,room2
MA TestSystem,device_main,raspberry,,processor,24.38,2021-01-01 16:00:05+01:00,room1
MA TestSystem,device_in_1,esp8266_2,ds18b20_2,t2,24.25,2021-01-01 17:00:00+01:00,room1
MA TestSystem,device_out,aqara_multisensor_2,aqara_temp_2,t4,6.86,2021-01-01 17:00:00+01:00,outside
MA TestSystem,device_in_2,aqara_multisensor_1,aqara_temp_1,t3,22.12,2021-01-01 17:00:00+01:00,room2
MA TestSystem,device_in_1,esp8266_1,ds18b20_1,t1,22.44,2021-01-01 17:00:00+01:00,room1
MA TestSystem,device_main,raspberry,,processor,22.44,2021-01-01 17:00:05+01:00,room1
MA TestSystem,device_main,raspberry,,processor,24.25,2021-01-01 17:00:05+01:00,room1
MA TestSystem,device_main,raspberry,,processor,22.12,2021-01-01 17:00:05+01:00,room2
MA TestSystem,device_main,raspberry,,processor,6.86,2021-01-01 17:00:05+01:00,outside
MA TestSystem,device_out,aqara_multisensor_2,aqara_temp_2,t4,6.539999999999999,2021-01-01 18:00:00+01:00,outside
MA TestSystem,device_in_2,aqara_multisensor_1,aqara_temp_1,t3,22.24,2021-01-01 18:00:00+01:00,room2
MA TestSystem,device_in_1,esp8266_1,ds18b20_1,t1,22.71,2021-01-01 18:00:00+01:00,room1
MA TestSystem,device_in_1,esp8266_2,ds18b20_2,t2,23.69,2021-01-01 18:00:00+01:00,room1
MA TestSystem,device_main,raspberry,,processor,23.69,2021-01-01 18:00:05+01:00,room1
MA TestSystem,device_main,raspberry,,processor,22.71,2021-01-01 18:00:05+01:00,room1
MA TestSystem,device_main,raspberry,,processor,6.539999999999999,2021-01-01 18:00:05+01:00,outside
MA TestSystem,device_main,raspberry,,processor,22.24,2021-01-01 18:00:05+01:00,room2
MA TestSystem,device_in_2,aqara_multisensor_1,aqara_temp_1,t3,21.94,2021-01-01 19:00:00+01:00,room2
MA TestSystem,device_in_1,esp8266_2,ds18b20_2,t2,21.563333333333333,2021-01-01 19:00:00+01:00,room1
MA TestSystem,device_in_1,esp8266_1,ds18b20_1,t1,22.793333333333333,2021-01-01 19:00:00+01:00,room1
MA TestSystem,device_out,aqara_multisensor_2,aqara_temp_2,t4,6.55,2021-01-01 19:00:00+01:00,outside
MA TestSystem,device_main,raspberry,,processor,21.94,2021-01-01 19:00:05+01:00,room2
MA TestSystem,device_main,raspberry,,processor,22.793333333333333,2021-01-01 19:00:05+01:00,room1
MA TestSystem,device_main,raspberry,,processor,21.563333333333333,2021-01-01 19:00:05+01:00,room1
MA TestSystem,device_main,raspberry,,processor,6.55,2021-01-01 19:00:05+01:00,outside
MA TestSystem,device_in_1,esp8266_1,ds18b20_1,t1,22.63,2021-01-01 20:00:00+01:00,room1
MA TestSystem,device_out,aqara_multisensor_2,aqara_temp_2,t4,6.69,2021-01-01 20:00:00+01:00,outside
MA TestSystem,device_in_1,esp8266_2,ds18b20_2,t2,20.88,2021-01-01 20:00:00+01:00,room1
MA TestSystem,device_in_2,aqara_multisensor_1,aqara_temp_1,t3,22.28333333333333,2021-01-01 20:00:00+01:00,room2
MA TestSystem,device_main,raspberry,,processor,20.88,2021-01-01 20:00:05+01:00,room1
MA TestSystem,device_main,raspberry,,processor,22.28333333333333,2021-01-01 20:00:05+01:00,room2
MA TestSystem,device_main,raspberry,,processor,22.63,2021-01-01 20:00:05+01:00,room1
MA TestSystem,device_main,raspberry,,processor,6.69,2021-01-01 20:00:05+01:00,outside
MA TestSystem,device_in_1,esp8266_2,ds18b20_2,t2,20.88,2021-01-01 21:00:00+01:00,room1
MA TestSystem,device_in_2,aqara_multisensor_1,aqara_temp_1,t3,22.7,2021-01-01 21:00:00+01:00,room2
MA TestSystem,device_in_1,esp8266_1,ds18b20_1,t1,22.73,2021-01-01 21:00:00+01:00,room1
MA TestSystem,device_out,aqara_multisensor_2,aqara_temp_2,t4,5.975,2021-01-01 21:00:00+01:00,outside
MA TestSystem,device_main,raspberry,,processor,22.73,2021-01-01 21:00:05+01:00,room1
MA TestSystem,device_main,raspberry,,processor,22.7,2021-01-01 21:00:05+01:00,room2
MA TestSystem,device_main,raspberry,,processor,5.975,2021-01-01 21:00:05+01:00,outside
MA TestSystem,device_main,raspberry,,processor,20.88,2021-01-01 21:00:05+01:00,room1
MA TestSystem,device_in_2,aqara_multisensor_1,aqara_temp_1,t3,22.87,2021-01-01 22:00:00+01:00,room2
MA TestSystem,device_in_1,esp8266_1,ds18b20_1,t1,22.625,2021-01-01 22:00:00+01:00,room1
MA TestSystem,device_in_1,esp8266_2,ds18b20_2,t2,20.815,2021-01-01 22:00:00+01:00,room1
MA TestSystem,device_out,aqara_multisensor_2,aqara_temp_2,t4,5.695,2021-01-01 22:00:00+01:00,outside
MA TestSystem,device_main,raspberry,,processor,22.87,2021-01-01 22:00:05+01:00,room2
MA TestSystem,device_main,raspberry,,processor,22.625,2021-01-01 22:00:05+01:00,room1
MA TestSystem,device_main,raspberry,,processor,5.695,2021-01-01 22:00:05+01:00,outside
MA TestSystem,device_main,raspberry,,processor,20.815,2021-01-01 22:00:05+01:00,room1
MA TestSystem,device_out,aqara_multisensor_2,aqara_temp_2,t4,5.6850000000000005,2021-01-01 23:00:00+01:00,outside
MA TestSystem,device_in_1,esp8266_1,ds18b20_1,t1,22.375,2021-01-01 23:00:00+01:00,room1
MA TestSystem,device_in_1,esp8266_2,ds18b20_2,t2,20.63,2021-01-01 23:00:00+01:00,room1
MA TestSystem,device_in_2,aqara_multisensor_1,aqara_temp_1,t3,22.946666666666665,2021-01-01 23:00:00+01:00,room2
MA TestSystem,device_main,raspberry,,processor,5.6850000000000005,2021-01-01 23:00:05+01:00,outside
MA TestSystem,device_main,raspberry,,processor,20.63,2021-01-01 23:00:05+01:00,room1
MA TestSystem,device_main,raspberry,,processor,22.375,2021-01-01 23:00:05+01:00,room1
MA TestSystem,device_main,raspberry,,processor,22.946666666666665,2021-01-01 23:00:05+01:00,room2
MA TestSystem,device_out,aqara_multisensor_2,aqara_temp_2,t4,5.83,2021-01-02 00:00:00+01:00,outside
MA TestSystem,device_in_2,aqara_multisensor_1,aqara_temp_1,t3,22.9,2021-01-02 00:00:00+01:00,room2
MA TestSystem,device_in_1,esp8266_1,ds18b20_1,t1,22.065,2021-01-02 00:00:00+01:00,room1
MA TestSystem,device_in_1,esp8266_2,ds18b20_2,t2,20.5,2021-01-02 00:00:00+01:00,room1
MA TestSystem,device_main,raspberry,,processor,5.83,2021-01-02 00:00:05+01:00,outside
MA TestSystem,device_main,raspberry,,processor,22.9,2021-01-02 00:00:05+01:00,room2
MA TestSystem,device_main,raspberry,,processor,20.5,2021-01-02 00:00:05+01:00,room1
MA TestSystem,device_main,raspberry,,processor,22.065,2021-01-02 00:00:05+01:00,room1
MA TestSystem,device_in_2,aqara_multisensor_1,aqara_temp_1,t3,22.656666666666663,2021-01-02 01:00:00+01:00,room2
MA TestSystem,device_in_1,esp8266_2,ds18b20_2,t2,20.5,2021-01-02 01:00:00+01:00,room1
MA TestSystem,device_in_1,esp8266_1,ds18b20_1,t1,22.13,2021-01-02 01:00:00+01:00,room1
MA TestSystem,device_out,aqara_multisensor_2,aqara_temp_2,t4,5.76,2021-01-02 01:00:00+01:00,outside
MA TestSystem,device_main,raspberry,,processor,22.13,2021-01-02 01:00:05+01:00,room1
MA TestSystem,device_main,raspberry,,processor,20.5,2021-01-02 01:00:05+01:00,room1
MA TestSystem,device_main,raspberry,,processor,22.656666666666663,2021-01-02 01:00:05+01:00,room2
MA TestSystem,device_main,raspberry,,processor,5.76,2021-01-02 01:00:05+01:00,outside
MA TestSystem,device_in_2,aqara_multisensor_1,aqara_temp_1,t3,22.53333333333333,2021-01-02 02:00:00+01:00,room2
MA TestSystem,device_in_1,esp8266_1,ds18b20_1,t1,22.0,2021-01-02 02:00:00+01:00,room1
MA TestSystem,device_in_1,esp8266_2,ds18b20_2,t2,20.38,2021-01-02 02:00:00+01:00,room1
MA TestSystem,device_out,aqara_multisensor_2,aqara_temp_2,t4,5.76,2021-01-02 02:00:00+01:00,outside
MA TestSystem,device_main,raspberry,,processor,20.38,2021-01-02 02:00:05+01:00,room1
MA TestSystem,device_main,raspberry,,processor,5.76,2021-01-02 02:00:05+01:00,outside
MA TestSystem,device_main,raspberry,,processor,22.0,2021-01-02 02:00:05+01:00,room1
MA TestSystem,device_main,raspberry,,processor,22.53333333333333,2021-01-02 02:00:05+01:00,room2
MA TestSystem,device_in_1,esp8266_2,ds18b20_2,t2,20.38,2021-01-02 03:00:00+01:00,room1
MA TestSystem,device_out,aqara_multisensor_2,aqara_temp_2,t4,5.096666666666667,2021-01-02 03:00:00+01:00,outside
MA TestSystem,device_in_2,aqara_multisensor_1,aqara_temp_1,t3,22.385,2021-01-02 03:00:00+01:00,room2
MA TestSystem,device_in_1,esp8266_1,ds18b20_1,t1,22.0,2021-01-02 03:00:00+01:00,room1
MA TestSystem,device_main,raspberry,,processor,5.096666666666667,2021-01-02 03:00:05+01:00,outside
MA TestSystem,device_main,raspberry,,processor,22.0,2021-01-02 03:00:05+01:00,room1
MA TestSystem,device_main,raspberry,,processor,20.38,2021-01-02 03:00:05+01:00,room1
MA TestSystem,device_main,raspberry,,processor,22.385,2021-01-02 03:00:05+01:00,room2
MA TestSystem,device_in_1,esp8266_1,ds18b20_1,t1,22.0,2021-01-02 04:00:00+01:00,room1
MA TestSystem,device_in_1,esp8266_2,ds18b20_2,t2,20.25,2021-01-02 04:00:00+01:00,room1
MA TestSystem,device_out,aqara_multisensor_2,aqara_temp_2,t4,5.45,2021-01-02 04:00:00+01:00,outside
MA TestSystem,device_in_2,aqara_multisensor_1,aqara_temp_1,t3,22.49,2021-01-02 04:00:00+01:00,room2
MA TestSystem,device_main,raspberry,,processor,20.25,2021-01-02 04:00:05+01:00,room1
MA TestSystem,device_main,raspberry,,processor,5.45,2021-01-02 04:00:05+01:00,outside
MA TestSystem,device_main,raspberry,,processor,22.0,2021-01-02 04:00:05+01:00,room1
MA TestSystem,device_main,raspberry,,processor,22.49,2021-01-02 04:00:05+01:00,room2
MA TestSystem,device_out,aqara_multisensor_2,aqara_temp_2,t4,5.52,2021-01-02 05:00:00+01:00,outside
MA TestSystem,device_in_1,esp8266_1,ds18b20_1,t1,21.875,2021-01-02 05:00:00+01:00,room1
MA TestSystem,device_in_1,esp8266_2,ds18b20_2,t2,20.25,2021-01-02 05:00:00+01:00,room1
MA TestSystem,device_in_2,aqara_multisensor_1,aqara_temp_1,t3,22.39,2021-01-02 05:00:00+01:00,room2
MA TestSystem,device_main,raspberry,,processor,22.39,2021-01-02 05:00:05+01:00,room2
MA TestSystem,device_main,raspberry,,processor,21.875,2021-01-02 05:00:05+01:00,room1
MA TestSystem,device_main,raspberry,,processor,5.52,2021-01-02 05:00:05+01:00,outside
MA TestSystem,device_main,raspberry,,processor,20.25,2021-01-02 05:00:05+01:00,room1
MA TestSystem,device_in_1,esp8266_1,ds18b20_1,t1,21.815,2021-01-02 06:00:00+01:00,room1
MA TestSystem,device_in_2,aqara_multisensor_1,aqara_temp_1,t3,22.35,2021-01-02 06:00:00+01:00,room2
MA TestSystem,device_in_1,esp8266_2,ds18b20_2,t2,20.25,2021-01-02 06:00:00+01:00,room1
MA TestSystem,device_out,aqara_multisensor_2,aqara_temp_2,t4,5.39,2021-01-02 06:00:00+01:00,outside
MA TestSystem,device_main,raspberry,,processor,22.35,2021-01-02 06:00:05+01:00,room2
MA TestSystem,device_main,raspberry,,processor,20.25,2021-01-02 06:00:05+01:00,room1
MA TestSystem,device_main,raspberry,,processor,5.39,2021-01-02 06:00:05+01:00,outside
MA TestSystem,device_main,raspberry,,processor,21.815,2021-01-02 06:00:05+01:00,room1
MA TestSystem,device_in_1,esp8266_2,ds18b20_2,t2,20.25,2021-01-02 07:00:00+01:00,room1
MA TestSystem,device_in_2,aqara_multisensor_1,aqara_temp_1,t3,22.385,2021-01-02 07:00:00+01:00,room2
MA TestSystem,device_in_1,esp8266_1,ds18b20_1,t1,21.815,2021-01-02 07:00:00+01:00,room1
MA TestSystem,device_out,aqara_multisensor_2,aqara_temp_2,t4,5.595,2021-01-02 07:00:00+01:00,outside
MA TestSystem,device_main,raspberry,,processor,21.815,2021-01-02 07:00:05+01:00,room1
MA TestSystem,device_main,raspberry,,processor,20.25,2021-01-02 07:00:05+01:00,room1
MA TestSystem,device_main,raspberry,,processor,22.385,2021-01-02 07:00:05+01:00,room2
MA TestSystem,device_main,raspberry,,processor,5.595,2021-01-02 07:00:05+01:00,outside
MA TestSystem,device_in_2,aqara_multisensor_1,aqara_temp_1,t3,22.270000000000003,2021-01-02 08:00:00+01:00,room2
MA TestSystem,device_in_1,esp8266_1,ds18b20_1,t1,22.505,2021-01-02 08:00:00+01:00,room1
MA TestSystem,device_out,aqara_multisensor_2,aqara_temp_2,t4,5.275,2021-01-02 08:00:00+01:00,outside
MA TestSystem,device_in_1,esp8266_2,ds18b20_2,t2,20.44,2021-01-02 08:00:00+01:00,room1
MA TestSystem,device_main,raspberry,,processor,20.44,2021-01-02 08:00:05+01:00,room1
MA TestSystem,device_main,raspberry,,processor,5.275,2021-01-02 08:00:05+01:00,outside
MA TestSystem,device_main,raspberry,,processor,22.505,2021-01-02 08:00:05+01:00,room1
MA TestSystem,device_main,raspberry,,processor,22.270000000000003,2021-01-02 08:00:05+01:00,room2
MA TestSystem,device_in_1,esp8266_2,ds18b20_2,t2,20.47,2021-01-02 09:00:00+01:00,room1
MA TestSystem,device_in_2,aqara_multisensor_1,aqara_temp_1,t3,21.652,2021-01-02 09:00:00+01:00,room2
MA TestSystem,device_out,aqara_multisensor_2,aqara_temp_2,t4,5.39,2021-01-02 09:00:00+01:00,outside
MA TestSystem,device_in_1,esp8266_1,ds18b20_1,t1,22.356666666666666,2021-01-02 09:00:00+01:00,room1
MA TestSystem,device_main,raspberry,,processor,20.47,2021-01-02 09:00:05+01:00,room1
MA TestSystem,device_main,raspberry,,processor,21.652,2021-01-02 09:00:05+01:00,room2
MA TestSystem,device_main,raspberry,,processor,22.356666666666666,2021-01-02 09:00:05+01:00,room1
MA TestSystem,device_main,raspberry,,processor,5.39,2021-01-02 09:00:05+01:00,outside
MA TestSystem,device_in_1,esp8266_1,ds18b20_1,t1,22.25,2021-01-02 10:00:00+01:00,room1
MA TestSystem,device_in_2,aqara_multisensor_1,aqara_temp_1,t3,22.48,2021-01-02 10:00:00+01:00,room2
MA TestSystem,device_in_1,esp8266_2,ds18b20_2,t2,20.47,2021-01-02 10:00:00+01:00,room1
MA TestSystem,device_out,aqara_multisensor_2,aqara_temp_2,t4,5.67,2021-01-02 10:00:00+01:00,outside
MA TestSystem,device_main,raspberry,,processor,5.67,2021-01-02 10:00:05+01:00,outside
MA TestSystem,device_main,raspberry,,processor,22.25,2021-01-02 10:00:05+01:00,room1
MA TestSystem,device_main,raspberry,,processor,20.47,2021-01-02 10:00:05+01:00,room1
MA TestSystem,device_main,raspberry,,processor,22.48,2021-01-02 10:00:05+01:00,room2
MA TestSystem,device_in_1,esp8266_1,ds18b20_1,t1,22.22,2021-01-02 11:00:00+01:00,room1
MA TestSystem,device_in_1,esp8266_2,ds18b20_2,t2,20.5,2021-01-02 11:00:00+01:00,room1
MA TestSystem,device_out,aqara_multisensor_2,aqara_temp_2,t4,6.163333333333334,2021-01-02 11:00:00+01:00,outside
MA TestSystem,device_in_2,aqara_multisensor_1,aqara_temp_1,t3,22.360000000000003,2021-01-02 11:00:00+01:00,room2
MA TestSystem,device_main,raspberry,,processor,22.360000000000003,2021-01-02 11:00:05+01:00,room2
MA TestSystem,device_main,raspberry,,processor,20.5,2021-01-02 11:00:05+01:00,room1
MA TestSystem,device_main,raspberry,,processor,6.163333333333334,2021-01-02 11:00:05+01:00,outside
MA TestSystem,device_main,raspberry,,processor,22.22,2021-01-02 11:00:05+01:00,room1
MA TestSystem,device_in_2,aqara_multisensor_1,aqara_temp_1,t3,22.365,2021-01-02 12:00:00+01:00,room2
MA TestSystem,device_in_1,esp8266_2,ds18b20_2,t2,20.285,2021-01-02 12:00:00+01:00,room1
MA TestSystem,device_out,aqara_multisensor_2,aqara_temp_2,t4,6.333333333333333,2021-01-02 12:00:00+01:00,outside
MA TestSystem,device_in_1,esp8266_1,ds18b20_1,t1,21.96,2021-01-02 12:00:00+01:00,room1
MA TestSystem,device_main,raspberry,,processor,22.365,2021-01-02 12:00:05+01:00,room2
MA TestSystem,device_main,raspberry,,processor,20.285,2021-01-02 12:00:05+01:00,room1
MA TestSystem,device_main,raspberry,,processor,21.96,2021-01-02 12:00:05+01:00,room1
MA TestSystem,device_main,raspberry,,processor,6.333333333333333,2021-01-02 12:00:05+01:00,outside
MA TestSystem,device_in_1,esp8266_1,ds18b20_1,t1,22.12333333333333,2021-01-02 13:00:00+01:00,room1
MA TestSystem,device_in_1,esp8266_2,ds18b20_2,t2,20.25,2021-01-02 13:00:00+01:00,room1
MA TestSystem,device_out,aqara_multisensor_2,aqara_temp_2,t4,6.576666666666667,2021-01-02 13:00:00+01:00,outside
MA TestSystem,device_in_2,aqara_multisensor_1,aqara_temp_1,t3,22.5,2021-01-02 13:00:00+01:00,room2
MA TestSystem,device_main,raspberry,,processor,20.25,2021-01-02 13:00:05+01:00,room1
MA TestSystem,device_main,raspberry,,processor,22.12333333333333,2021-01-02 13:00:05+01:00,room1
MA TestSystem,device_main,raspberry,,processor,6.576666666666667,2021-01-02 13:00:05+01:00,outside
MA TestSystem,device_main,raspberry,,processor,22.5,2021-01-02 13:00:05+01:00,room2
MA TestSystem,device_out,aqara_multisensor_2,aqara_temp_2,t4,6.576666666666667,2021-01-02 14:00:00+01:00,outside
MA TestSystem,device_in_1,esp8266_1,ds18b20_1,t1,22.12333333333333,2021-01-02 14:00:00+01:00,room1
MA TestSystem,device_in_1,esp8266_2,ds18b20_2,t2,20.47,2021-01-02 14:00:00+01:00,room1
MA TestSystem,device_in_2,aqara_multisensor_1,aqara_temp_1,t3,22.45,2021-01-02 14:00:00+01:00,room2
MA TestSystem,device_main,raspberry,,processor,22.45,2021-01-02 14:00:05+01:00,room2
MA TestSystem,device_main,raspberry,,processor,6.576666666666667,2021-01-02 14:00:05+01:00,outside
MA TestSystem,device_main,raspberry,,processor,22.12333333333333,2021-01-02 14:00:05+01:00,room1
MA TestSystem,device_main,raspberry,,processor,20.47,2021-01-02 14:00:05+01:00,room1
MA TestSystem,device_in_1,esp8266_2,ds18b20_2,t2,20.44,2021-01-02 15:00:00+01:00,room1
MA TestSystem,device_in_2,aqara_multisensor_1,aqara_temp_1,t3,22.80333333333333,2021-01-02 15:00:00+01:00,room2
MA TestSystem,device_in_1,esp8266_1,ds18b20_1,t1,22.106666666666666,2021-01-02 15:00:00+01:00,room1
MA TestSystem,device_out,aqara_multisensor_2,aqara_temp_2,t4,6.35,2021-01-02 15:00:00+01:00,outside
MA TestSystem,device_main,raspberry,,processor,6.35,2021-01-02 15:00:05+01:00,outside
MA TestSystem,device_main,raspberry,,processor,22.106666666666666,2021-01-02 15:00:05+01:00,room1
MA TestSystem,device_main,raspberry,,processor,20.44,2021-01-02 15:00:05+01:00,room1
MA TestSystem,device_main,raspberry,,processor,22.80333333333333,2021-01-02 15:00:05+01:00,room2
MA TestSystem,device_out,aqara_multisensor_2,aqara_temp_2,t4,6.154999999999999,2021-01-02 16:00:00+01:00,outside
MA TestSystem,device_in_1,esp8266_1,ds18b20_1,t1,22.0,2021-01-02 16:00:00+01:00,room1
MA TestSystem,device_in_2,aqara_multisensor_1,aqara_temp_1,t3,22.3,2021-01-02 16:00:00+01:00,room2
MA TestSystem,device_in_1,esp8266_2,ds18b20_2,t2,20.44,2021-01-02 16:00:00+01:00,room1
MA TestSystem,device_main,raspberry,,processor,20.44,2021-01-02 16:00:05+01:00,room1
MA TestSystem,device_main,raspberry,,processor,6.154999999999999,2021-01-02 16:00:05+01:00,outside
MA TestSystem,device_main,raspberry,,processor,22.0,2021-01-02 16:00:05+01:00,room1
MA TestSystem,device_main,raspberry,,processor,22.3,2021-01-02 16:00:05+01:00,room2
MA TestSystem,device_out,aqara_multisensor_2,aqara_temp_2,t4,6.093333333333334,2021-01-02 17:00:00+01:00,outside
MA TestSystem,device_in_2,aqara_multisensor_1,aqara_temp_1,t3,22.45,2021-01-02 17:00:00+01:00,room2
MA TestSystem,device_in_1,esp8266_2,ds18b20_2,t2,20.44,2021-01-02 17:00:00+01:00,room1
MA TestSystem,device_in_1,esp8266_1,ds18b20_1,t1,22.25,2021-01-02 17:00:00+01:00,room1
MA TestSystem,device_main,raspberry,,processor,22.25,2021-01-02 17:00:05+01:00,room1
MA TestSystem,device_main,raspberry,,processor,22.45,2021-01-02 17:00:05+01:00,room2
MA TestSystem,device_main,raspberry,,processor,20.44,2021-01-02 17:00:05+01:00,room1
MA TestSystem,device_main,raspberry,,processor,6.093333333333334,2021-01-02 17:00:05+01:00,outside
MA TestSystem,device_in_1,esp8266_1,ds18b20_1,t1,22.375,2021-01-02 18:00:00+01:00,room1
MA TestSystem,device_in_2,aqara_multisensor_1,aqara_temp_1,t3,22.43,2021-01-02 18:00:00+01:00,room2
MA TestSystem,device_out,aqara_multisensor_2,aqara_temp_2,t4,6.105,2021-01-02 18:00:00+01:00,outside
MA TestSystem,device_in_1,esp8266_2,ds18b20_2,t2,20.44,2021-01-02 18:00:00+01:00,room1
MA TestSystem,device_main,raspberry,,processor,20.44,2021-01-02 18:00:05+01:00,room1
MA TestSystem,device_main,raspberry,,processor,22.43,2021-01-02 18:00:05+01:00,room2
MA TestSystem,device_main,raspberry,,processor,6.105,2021-01-02 18:00:05+01:00,outside
MA TestSystem,device_main,raspberry,,processor,22.375,2021-01-02 18:00:05+01:00,room1
MA TestSystem,device_out,aqara_multisensor_2,aqara_temp_2,t4,6.029999999999999,2021-01-02 19:00:00+01:00,outside
MA TestSystem,device_in_1,esp8266_1,ds18b20_1,t1,22.375,2021-01-02 19:00:00+01:00,room1
MA TestSystem,device_in_2,aqara_multisensor_1,aqara_temp_1,t3,22.49,2021-01-02 19:00:00+01:00,room2
MA TestSystem,device_in_1,esp8266_2,ds18b20_2,t2,20.44,2021-01-02 19:00:00+01:00,room1
MA TestSystem,device_main,raspberry,,processor,22.375,2021-01-02 19:00:05+01:00,room1
MA TestSystem,device_main,raspberry,,processor,20.44,2021-01-02 19:00:05+01:00,room1
MA TestSystem,device_main,raspberry,,processor,22.49,2021-01-02 19:00:05+01:00,room2
MA TestSystem,device_main,raspberry,,processor,6.029999999999999,2021-01-02 19:00:05+01:00,outside
MA TestSystem,device_in_1,esp8266_2,ds18b20_2,t2,20.56,2021-01-02 20:00:00+01:00,room1
MA TestSystem,device_in_1,esp8266_1,ds18b20_1,t1,22.67,2021-01-02 20:00:00+01:00,room1
MA TestSystem,device_out,aqara_multisensor_2,aqara_temp_2,t4,5.85,2021-01-02 20:00:00+01:00,outside
MA TestSystem,device_in_2,aqara_multisensor_1,aqara_temp_1,t3,22.42,2021-01-02 20:00:00+01:00,room2
MA TestSystem,device_main,raspberry,,processor,20.56,2021-01-02 20:00:05+01:00,room1
MA TestSystem,device_main,raspberry,,processor,22.67,2021-01-02 20:00:05+01:00,room1
MA TestSystem,device_main,raspberry,,processor,22.42,2021-01-02 20:00:05+01:00,room2
MA TestSystem,device_main,raspberry,,processor,5.85,2021-01-02 20:00:05+01:00,outside
MA TestSystem,device_in_1,esp8266_2,ds18b20_2,t2,20.44,2021-01-02 21:00:00+01:00,room1
MA TestSystem,device_in_1,esp8266_1,ds18b20_1,t1,22.856666666666666,2021-01-02 21:00:00+01:00,room1
MA TestSystem,device_in_2,aqara_multisensor_1,aqara_temp_1,t3,22.30666666666667,2021-01-02 21:00:00+01:00,room2
MA TestSystem,device_out,aqara_multisensor_2,aqara_temp_2,t4,5.8933333333333335,2021-01-02 21:00:00+01:00,outside
MA TestSystem,device_main,raspberry,,processor,20.44,2021-01-02 21:00:05+01:00,room1
MA TestSystem,device_main,raspberry,,processor,22.856666666666666,2021-01-02 21:00:05+01:00,room1
MA TestSystem,device_main,raspberry,,processor,5.8933333333333335,2021-01-02 21:00:05+01:00,outside
MA TestSystem,device_main,raspberry,,processor,22.30666666666667,2021-01-02 21:00:05+01:00,room2
MA TestSystem,device_in_2,aqara_multisensor_1,aqara_temp_1,t3,21.995,2021-01-02 22:00:00+01:00,room2
MA TestSystem,device_in_1,esp8266_2,ds18b20_2,t2,20.44,2021-01-02 22:00:00+01:00,room1
MA TestSystem,device_out,aqara_multisensor_2,aqara_temp_2,t4,5.72,2021-01-02 22:00:00+01:00,outside
MA TestSystem,device_in_1,esp8266_1,ds18b20_1,t1,22.856666666666666,2021-01-02 22:00:00+01:00,room1
MA TestSystem,device_main,raspberry,,processor,20.44,2021-01-02 22:00:05+01:00,room1
MA TestSystem,device_main,raspberry,,processor,22.856666666666666,2021-01-02 22:00:05+01:00,room1
MA TestSystem,device_main,raspberry,,processor,21.995,2021-01-02 22:00:05+01:00,room2
MA TestSystem,device_main,raspberry,,processor,5.72,2021-01-02 22:00:05+01:00,outside
MA TestSystem,device_out,aqara_multisensor_2,aqara_temp_2,t4,5.75,2021-01-02 23:00:00+01:00,outside
MA TestSystem,device_in_1,esp8266_2,ds18b20_2,t2,-127.0,2021-01-02 23:00:00+01:00,room1
MA TestSystem,device_in_1,esp8266_1,ds18b20_1,t1,22.345,2021-01-02 23:00:00+01:00,room1
MA TestSystem,device_in_2,aqara_multisensor_1,aqara_temp_1,t3,22.57,2021-01-02 23:00:00+01:00,room2
MA TestSystem,device_main,raspberry,,processor,5.75,2021-01-02 23:00:05+01:00,outside
MA TestSystem,device_main,raspberry,,processor,22.57,2021-01-02 23:00:05+01:00,room2
MA TestSystem,device_main,raspberry,,processor,22.345,2021-01-02 23:00:05+01:00,room1
MA TestSystem,device_main,raspberry,,processor,-127.0,2021-01-02 23:00:05+01:00,room1
MA TestSystem,device_in_1,esp8266_1,ds18b20_1,t1,21.535,2021-01-03 00:00:00+01:00,room1
MA TestSystem,device_out,aqara_multisensor_2,aqara_temp_2,t4,6.0,2021-01-03 00:00:00+01:00,outside
MA TestSystem,device_in_1,esp8266_2,ds18b20_2,t2,-127.0,2021-01-03 00:00:00+01:00,room1
MA TestSystem,device_in_2,aqara_multisensor_1,aqara_temp_1,t3,22.69,2021-01-03 00:00:00+01:00,room2
MA TestSystem,device_main,raspberry,,processor,6.0,2021-01-03 00:00:05+01:00,outside
MA TestSystem,device_main,raspberry,,processor,22.69,2021-01-03 00:00:05+01:00,room2
MA TestSystem,device_main,raspberry,,processor,-127.0,2021-01-03 00:00:05+01:00,room1
MA TestSystem,device_main,raspberry,,processor,21.535,2021-01-03 00:00:05+01:00,room1
MA TestSystem,device_in_2,aqara_multisensor_1,aqara_temp_1,t3,22.635,2021-01-03 01:00:00+01:00,room2
MA TestSystem,device_in_1,esp8266_1,ds18b20_1,t1,21.315,2021-01-03 01:00:00+01:00,room1
MA TestSystem,device_out,aqara_multisensor_2,aqara_temp_2,t4,6.085,2021-01-03 01:00:00+01:00,outside
MA TestSystem,device_in_1,esp8266_2,ds18b20_2,t2,-127.0,2021-01-03 01:00:00+01:00,room1
MA TestSystem,device_main,raspberry,,processor,-127.0,2021-01-03 01:00:05+01:00,room1
MA TestSystem,device_main,raspberry,,processor,22.635,2021-01-03 01:00:05+01:00,room2
MA TestSystem,device_main,raspberry,,processor,6.085,2021-01-03 01:00:05+01:00,outside
MA TestSystem,device_main,raspberry,,processor,21.315,2021-01-03 01:00:05+01:00,room1
MA TestSystem,device_in_1,esp8266_1,ds18b20_1,t1,21.19,2021-01-03 02:00:00+01:00,room1
MA TestSystem,device_out,aqara_multisensor_2,aqara_temp_2,t4,6.025,2021-01-03 02:00:00+01:00,outside
MA TestSystem,device_in_2,aqara_multisensor_1,aqara_temp_1,t3,22.42,2021-01-03 02:00:00+01:00,room2
MA TestSystem,device_in_1,esp8266_2,ds18b20_2,t2,-127.0,2021-01-03 02:00:00+01:00,room1
MA TestSystem,device_main,raspberry,,processor,22.42,2021-01-03 02:00:05+01:00,room2
MA TestSystem,device_main,raspberry,,processor,21.19,2021-01-03 02:00:05+01:00,room1
MA TestSystem,device_main,raspberry,,processor,-127.0,2021-01-03 02:00:05+01:00,room1
MA TestSystem,device_main,raspberry,,processor,6.025,2021-01-03 02:00:05+01:00,outside
MA TestSystem,device_in_1,esp8266_2,ds18b20_2,t2,-127.0,2021-01-03 03:00:00+01:00,room1
MA TestSystem,device_out,aqara_multisensor_2,aqara_temp_2,t4,5.74,2021-01-03 03:00:00+01:00,outside
MA TestSystem,device_in_2,aqara_multisensor_1,aqara_temp_1,t3,22.49,2021-01-03 03:00:00+01:00,room2
MA TestSystem,device_in_1,esp8266_1,ds18b20_1,t1,21.19,2021-01-03 03:00:00+01:00,room1
MA TestSystem,device_main,raspberry,,processor,5.74,2021-01-03 03:00:05+01:00,outside
MA TestSystem,device_main,raspberry,,processor,-127.0,2021-01-03 03:00:05+01:00,room1
MA TestSystem,device_main,raspberry,,processor,22.49,2021-01-03 03:00:05+01:00,room2
MA TestSystem,device_main,raspberry,,processor,21.19,2021-01-03 03:00:05+01:00,room1
MA TestSystem,device_in_1,esp8266_2,ds18b20_2,t2,-127.0,2021-01-03 04:00:00+01:00,room1
MA TestSystem,device_in_2,aqara_multisensor_1,aqara_temp_1,t3,22.425,2021-01-03 04:00:00+01:00,room2
MA TestSystem,device_out,aqara_multisensor_2,aqara_temp_2,t4,5.3933333333333335,2021-01-03 04:00:00+01:00,outside
MA TestSystem,device_in_1,esp8266_1,ds18b20_1,t1,21.22,2021-01-03 04:00:00+01:00,room1
MA TestSystem,device_main,raspberry,,processor,5.3933333333333335,2021-01-03 04:00:05+01:00,outside
MA TestSystem,device_main,raspberry,,processor,-127.0,2021-01-03 04:00:05+01:00,room1
MA TestSystem,device_main,raspberry,,processor,22.425,2021-01-03 04:00:05+01:00,room2
MA TestSystem,device_main,raspberry,,processor,21.22,2021-01-03 04:00:05+01:00,room1
MA TestSystem,device_in_1,esp8266_2,ds18b20_2,t2,-127.0,2021-01-03 05:00:00+01:00,room1
MA TestSystem,device_in_2,aqara_multisensor_1,aqara_temp_1,t3,22.4,2021-01-03 05:00:00+01:00,room2
MA TestSystem,device_in_1,esp8266_1,ds18b20_1,t1,21.25,2021-01-03 05:00:00+01:00,room1
MA TestSystem,device_out,aqara_multisensor_2,aqara_temp_2,t4,5.11,2021-01-03 05:00:00+01:00,outside
MA TestSystem,device_main,raspberry,,processor,5.11,2021-01-03 05:00:05+01:00,outside
MA TestSystem,device_main,raspberry,,processor,-127.0,2021-01-03 05:00:05+01:00,room1
MA TestSystem,device_main,raspberry,,processor,22.4,2021-01-03 05:00:05+01:00,room2
MA TestSystem,device_main,raspberry,,processor,21.25,2021-01-03 05:00:05+01:00,room1
MA TestSystem,device_out,aqara_multisensor_2,aqara_temp_2,t4,5.195,2021-01-03 06:00:00+01:00,outside
MA TestSystem,device_in_1,esp8266_1,ds18b20_1,t1,21.25,2021-01-03 06:00:00+01:00,room1
MA TestSystem,device_in_2,aqara_multisensor_1,aqara_temp_1,t3,22.31,2021-01-03 06:00:00+01:00,room2
MA TestSystem,device_in_1,esp8266_2,ds18b20_2,t2,-127.0,2021-01-03 06:00:00+01:00,room1
MA TestSystem,device_main,raspberry,,processor,22.31,2021-01-03 06:00:05+01:00,room2
MA TestSystem,device_main,raspberry,,processor,21.25,2021-01-03 06:00:05+01:00,room1
MA TestSystem,device_main,raspberry,,processor,-127.0,2021-01-03 06:00:05+01:00,room1
MA TestSystem,device_main,raspberry,,processor,5.195,2021-01-03 06:00:05+01:00,outside
MA TestSystem,device_in_2,aqara_multisensor_1,aqara_temp_1,t3,22.35,2021-01-03 07:00:00+01:00,room2
MA TestSystem,device_in_1,esp8266_1,ds18b20_1,t1,21.25,2021-01-03 07:00:00+01:00,room1
MA TestSystem,device_in_1,esp8266_2,ds18b20_2,t2,-127.0,2021-01-03 07:00:00+01:00,room1
MA TestSystem,device_out,aqara_multisensor_2,aqara_temp_2,t4,4.99,2021-01-03 07:00:00+01:00,outside
MA TestSystem,device_main,raspberry,,processor,4.99,2021-01-03 07:00:05+01:00,outside
MA TestSystem,device_main,raspberry,,processor,21.25,2021-01-03 07:00:05+01:00,room1
MA TestSystem,device_main,raspberry,,processor,-127.0,2021-01-03 07:00:05+01:00,room1
MA TestSystem,device_main,raspberry,,processor,22.35,2021-01-03 07:00:05+01:00,room2
MA TestSystem,device_in_2,aqara_multisensor_1,aqara_temp_1,t3,22.376666666666665,2021-01-03 08:00:00+01:00,room2
MA TestSystem,device_in_1,esp8266_1,ds18b20_1,t1,21.31,2021-01-03 08:00:00+01:00,room1
MA TestSystem,device_in_1,esp8266_2,ds18b20_2,t2,22.565,2021-01-03 08:00:00+01:00,room1
MA TestSystem,device_out,aqara_multisensor_2,aqara_temp_2,t4,5.07,2021-01-03 08:00:00+01:00,outside
MA TestSystem,device_main,raspberry,,processor,5.07,2021-01-03 08:00:05+01:00,outside
MA TestSystem,device_main,raspberry,,processor,22.376666666666665,2021-01-03 08:00:05+01:00,room2
MA TestSystem,device_main,raspberry,,processor,22.565,2021-01-03 08:00:05+01:00,room1
MA TestSystem,device_main,raspberry,,processor,21.31,2021-01-03 08:00:05+01:00,room1
MA TestSystem,device_out,aqara_multisensor_2,aqara_temp_2,t4,4.895,2021-01-03 09:00:00+01:00,outside
MA TestSystem,device_in_2,aqara_multisensor_1,aqara_temp_1,t3,21.74,2021-01-03 09:00:00+01:00,room2
MA TestSystem,device_in_1,esp8266_1,ds18b20_1,t1,21.63,2021-01-03 09:00:00+01:00,room1
MA TestSystem,device_in_1,esp8266_2,ds18b20_2,t2,20.0,2021-01-03 09:00:00+01:00,room1
MA TestSystem,device_main,raspberry,,processor,4.895,2021-01-03 09:00:05+01:00,outside
MA TestSystem,device_main,raspberry,,processor,21.74,2021-01-03 09:00:05+01:00,room2
MA TestSystem,device_main,raspberry,,processor,20.0,2021-01-03 09:00:05+01:00,room1
MA TestSystem,device_main,raspberry,,processor,21.63,2021-01-03 09:00:05+01:00,room1
MA TestSystem,device_in_1,esp8266_1,ds18b20_1,t1,21.44,2021-01-03 10:00:00+01:00,room1
MA TestSystem,device_in_2,aqara_multisensor_1,aqara_temp_1,t3,22.55,2021-01-03 10:00:00+01:00,room2
MA TestSystem,device_in_1,esp8266_2,ds18b20_2,t2,20.00333333333333,2021-01-03 10:00:00+01:00,room1
MA TestSystem,device_out,aqara_multisensor_2,aqara_temp_2,t4,4.984999999999999,2021-01-03 10:00:00+01:00,outside
MA TestSystem,device_main,raspberry,,processor,4.984999999999999,2021-01-03 10:00:05+01:00,outside
MA TestSystem,device_main,raspberry,,processor,22.55,2021-01-03 10:00:05+01:00,room2
MA TestSystem,device_main,raspberry,,processor,21.44,2021-01-03 10:00:05+01:00,room1
MA TestSystem,device_main,raspberry,,processor,20.00333333333333,2021-01-03 10:00:05+01:00,room1
MA TestSystem,device_in_2,aqara_multisensor_1,aqara_temp_1,t3,22.28,2021-01-03 11:00:00+01:00,room2
MA TestSystem,device_in_1,esp8266_2,ds18b20_2,t2,20.06,2021-01-03 11:00:00+01:00,room1
MA TestSystem,device_in_1,esp8266_1,ds18b20_1,t1,21.58333333333333,2021-01-03 11:00:00+01:00,room1
MA TestSystem,device_out,aqara_multisensor_2,aqara_temp_2,t4,5.34,2021-01-03 11:00:00+01:00,outside
MA TestSystem,device_main,raspberry,,processor,21.58333333333333,2021-01-03 11:00:05+01:00,room1
MA TestSystem,device_main,raspberry,,processor,22.28,2021-01-03 11:00:05+01:00,room2
MA TestSystem,device_main,raspberry,,processor,5.34,2021-01-03 11:00:05+01:00,outside
MA TestSystem,device_main,raspberry,,processor,20.06,2021-01-03 11:00:05+01:00,room1
MA TestSystem,device_in_1,esp8266_2,ds18b20_2,t2,19.94,2021-01-03 12:00:00+01:00,room1
MA TestSystem,device_in_2,aqara_multisensor_1,aqara_temp_1,t3,22.30333333333333,2021-01-03 12:00:00+01:00,room2
MA TestSystem,device_out,aqara_multisensor_2,aqara_temp_2,t4,5.34,2021-01-03 12:00:00+01:00,outside
MA TestSystem,device_in_1,esp8266_1,ds18b20_1,t1,21.50333333333333,2021-01-03 12:00:00+01:00,room1
MA TestSystem,device_main,raspberry,,processor,21.50333333333333,2021-01-03 12:00:05+01:00,room1
MA TestSystem,device_main,raspberry,,processor,5.34,2021-01-03 12:00:05+01:00,outside
MA TestSystem,device_main,raspberry,,processor,19.94,2021-01-03 12:00:05+01:00,room1
MA TestSystem,device_main,raspberry,,processor,22.30333333333333,2021-01-03 12:00:05+01:00,room2
MA TestSystem,device_out,aqara_multisensor_2,aqara_temp_2,t4,5.34,2021-01-03 13:00:00+01:00,outside
MA TestSystem,device_in_1,esp8266_1,ds18b20_1,t1,21.565,2021-01-03 13:00:00+01:00,room1
MA TestSystem,device_in_1,esp8266_2,ds18b20_2,t2,20.06,2021-01-03 13:00:00+01:00,room1
MA TestSystem,device_in_2,aqara_multisensor_1,aqara_temp_1,t3,22.35,2021-01-03 13:00:00+01:00,room2
MA TestSystem,device_main,raspberry,,processor,5.34,2021-01-03 13:00:05+01:00,outside
MA TestSystem,device_main,raspberry,,processor,21.565,2021-01-03 13:00:05+01:00,room1
MA TestSystem,device_main,raspberry,,processor,22.35,2021-01-03 13:00:05+01:00,room2
MA TestSystem,device_main,raspberry,,processor,20.06,2021-01-03 13:00:05+01:00,room1
MA TestSystem,device_in_2,aqara_multisensor_1,aqara_temp_1,t3,22.375,2021-01-03 14:00:00+01:00,room2
MA TestSystem,device_in_1,esp8266_2,ds18b20_2,t2,20.035,2021-01-03 14:00:00+01:00,room1
MA TestSystem,device_in_1,esp8266_1,ds18b20_1,t1,21.44,2021-01-03 14:00:00+01:00,room1
MA TestSystem,device_out,aqara_multisensor_2,aqara_temp_2,t4,5.713333333333334,2021-01-03 14:00:00+01:00,outside
MA TestSystem,device_main,raspberry,,processor,20.035,2021-01-03 14:00:05+01:00,room1
MA TestSystem,device_main,raspberry,,processor,5.713333333333334,2021-01-03 14:00:05+01:00,outside
MA TestSystem,device_main,raspberry,,processor,22.375,2021-01-03 14:00:05+01:00,room2
MA TestSystem,device_main,raspberry,,processor,21.44,2021-01-03 14:00:05+01:00,room1
MA TestSystem,device_in_2,aqara_multisensor_1,aqara_temp_1,t3,22.36,2021-01-03 15:00:00+01:00,room2
MA TestSystem,device_in_1,esp8266_1,ds18b20_1,t1,21.535,2021-01-03 15:00:00+01:00,room1
MA TestSystem,device_in_1,esp8266_2,ds18b20_2,t2,19.94,2021-01-03 15:00:00+01:00,room1
MA TestSystem,device_out,aqara_multisensor_2,aqara_temp_2,t4,5.305,2021-01-03 15:00:00+01:00,outside
MA TestSystem,device_main,raspberry,,processor,5.305,2021-01-03 15:00:05+01:00,outside
MA TestSystem,device_main,raspberry,,processor,22.36,2021-01-03 15:00:05+01:00,room2
MA TestSystem,device_main,raspberry,,processor,19.94,2021-01-03 15:00:05+01:00,room1
MA TestSystem,device_main,raspberry,,processor,21.535,2021-01-03 15:00:05+01:00,room1
MA TestSystem,device_in_2,aqara_multisensor_1,aqara_temp_1,t3,22.39,2021-01-03 16:00:00+01:00,room2
MA TestSystem,device_in_1,esp8266_2,ds18b20_2,t2,19.875,2021-01-03 16:00:00+01:00,room1
MA TestSystem,device_in_1,esp8266_1,ds18b20_1,t1,22.0,2021-01-03 16:00:00+01:00,room1
MA TestSystem,device_out,aqara_multisensor_2,aqara_temp_2,t4,5.21,2021-01-03 16:00:00+01:00,outside
MA TestSystem,device_main,raspberry,,processor,19.875,2021-01-03 16:00:05+01:00,room1
MA TestSystem,device_main,raspberry,,processor,22.39,2021-01-03 16:00:05+01:00,room2
MA TestSystem,device_main,raspberry,,processor,22.0,2021-01-03 16:00:05+01:00,room1
MA TestSystem,device_main,raspberry,,processor,5.21,2021-01-03 16:00:05+01:00,outside
MA TestSystem,device_in_2,aqara_multisensor_1,aqara_temp_1,t3,22.28,2021-01-03 17:00:00+01:00,room2
MA TestSystem,device_in_1,esp8266_1,ds18b20_1,t1,21.875,2021-01-03 17:00:00+01:00,room1
MA TestSystem,device_in_1,esp8266_2,ds18b20_2,t2,19.875,2021-01-03 17:00:00+01:00,room1
MA TestSystem,device_out,aqara_multisensor_2,aqara_temp_2,t4,5.14,2021-01-03 17:00:00+01:00,outside
MA TestSystem,device_main,raspberry,,processor,5.14,2021-01-03 17:00:05+01:00,outside
MA TestSystem,device_main,raspberry,,processor,19.875,2021-01-03 17:00:05+01:00,room1
MA TestSystem,device_main,raspberry,,processor,22.28,2021-01-03 17:00:05+01:00,room2
MA TestSystem,device_main,raspberry,,processor,21.875,2021-01-03 17:00:05+01:00,room1
MA TestSystem,device_out,aqara_multisensor_2,aqara_temp_2,t4,5.09,2021-01-03 18:00:00+01:00,outside
MA TestSystem,device_in_1,esp8266_2,ds18b20_2,t2,19.81,2021-01-03 18:00:00+01:00,room1
MA TestSystem,device_in_2,aqara_multisensor_1,aqara_temp_1,t3,22.313333333333333,2021-01-03 18:00:00+01:00,room2
MA TestSystem,device_in_1,esp8266_1,ds18b20_1,t1,22.095,2021-01-03 18:00:00+01:00,room1
MA TestSystem,device_main,raspberry,,processor,19.81,2021-01-03 18:00:05+01:00,room1
MA TestSystem,device_main,raspberry,,processor,22.095,2021-01-03 18:00:05+01:00,room1
MA TestSystem,device_main,raspberry,,processor,22.313333333333333,2021-01-03 18:00:05+01:00,room2
MA TestSystem,device_main,raspberry,,processor,5.09,2021-01-03 18:00:05+01:00,outside
MA TestSystem,device_in_1,esp8266_2,ds18b20_2,t2,20.0,2021-01-03 19:00:00+01:00,room1
MA TestSystem,device_out,aqara_multisensor_2,aqara_temp_2,t4,5.07,2021-01-03 19:00:00+01:00,outside
MA TestSystem,device_in_1,esp8266_1,ds18b20_1,t1,22.36,2021-01-03 19:00:00+01:00,room1
MA TestSystem,device_in_2,aqara_multisensor_1,aqara_temp_1,t3,22.375,2021-01-03 19:00:00+01:00,room2
MA TestSystem,device_main,raspberry,,processor,22.375,2021-01-03 19:00:05+01:00,room2
MA TestSystem,device_main,raspberry,,processor,5.07,2021-01-03 19:00:05+01:00,outside
MA TestSystem,device_main,raspberry,,processor,20.0,2021-01-03 19:00:05+01:00,room1
MA TestSystem,device_main,raspberry,,processor,22.36,2021-01-03 19:00:05+01:00,room1
MA TestSystem,device_in_1,esp8266_2,ds18b20_2,t2,19.88,2021-01-03 20:00:00+01:00,room1
MA TestSystem,device_in_2,aqara_multisensor_1,aqara_temp_1,t3,22.42,2021-01-03 20:00:00+01:00,room2
MA TestSystem,device_in_1,esp8266_1,ds18b20_1,t1,22.146666666666665,2021-01-03 20:00:00+01:00,room1
MA TestSystem,device_out,aqara_multisensor_2,aqara_temp_2,t4,5.086666666666667,2021-01-03 20:00:00+01:00,outside
MA TestSystem,device_main,raspberry,,processor,22.146666666666665,2021-01-03 20:00:05+01:00,room1
MA TestSystem,device_main,raspberry,,processor,5.086666666666667,2021-01-03 20:00:05+01:00,outside
MA TestSystem,device_main,raspberry,,processor,22.42,2021-01-03 20:00:05+01:00,room2
MA TestSystem,device_main,raspberry,,processor,19.88,2021-01-03 20:00:05+01:00,room1
MA TestSystem,device_in_1,esp8266_2,ds18b20_2,t2,20.0,2021-01-03 21:00:00+01:00,room1
MA TestSystem,device_in_2,aqara_multisensor_1,aqara_temp_1,t3,22.093333333333334,2021-01-03 21:00:00+01:00,room2
MA TestSystem,device_in_1,esp8266_1,ds18b20_1,t1,22.47,2021-01-03 21:00:00+01:00,room1
MA TestSystem,device_out,aqara_multisensor_2,aqara_temp_2,t4,5.09,2021-01-03 21:00:00+01:00,outside
MA TestSystem,device_main,raspberry,,processor,22.47,2021-01-03 21:00:05+01:00,room1
MA TestSystem,device_main,raspberry,,processor,22.093333333333334,2021-01-03 21:00:05+01:00,room2
MA TestSystem,device_main,raspberry,,processor,20.0,2021-01-03 21:00:05+01:00,room1
MA TestSystem,device_main,raspberry,,processor,5.09,2021-01-03 21:00:05+01:00,outside
MA TestSystem,device_out,aqara_multisensor_2,aqara_temp_2,t4,5.265,2021-01-03 22:00:00+01:00,outside
MA TestSystem,device_in_2,aqara_multisensor_1,aqara_temp_1,t3,21.5,2021-01-03 22:00:00+01:00,room2
MA TestSystem,device_in_1,esp8266_1,ds18b20_1,t1,21.5175,2021-01-03 22:00:00+01:00,room1
MA TestSystem,device_in_1,esp8266_2,ds18b20_2,t2,21.646666666666665,2021-01-03 22:00:00+01:00,room1
MA TestSystem,device_main,raspberry,,processor,5.265,2021-01-03 22:00:05+01:00,outside
MA TestSystem,device_main,raspberry,,processor,21.646666666666665,2021-01-03 22:00:05+01:00,room1
MA TestSystem,device_main,raspberry,,processor,21.5,2021-01-03 22:00:05+01:00,room2
MA TestSystem,device_main,raspberry,,processor,21.5175,2021-01-03 22:00:05+01:00,room1
MA TestSystem,device_in_2,aqara_multisensor_1,aqara_temp_1,t3,21.485,2021-01-03 23:00:00+01:00,room2
MA TestSystem,device_in_1,esp8266_1,ds18b20_1,t1,21.08333333333333,2021-01-03 23:00:00+01:00,room1
MA TestSystem,device_out,aqara_multisensor_2,aqara_temp_2,t4,5.265,2021-01-03 23:00:00+01:00,outside
MA TestSystem,device_in_1,esp8266_2,ds18b20_2,t2,21.646666666666665,2021-01-03 23:00:00+01:00,room1
MA TestSystem,device_main,raspberry,,processor,21.485,2021-01-03 23:00:05+01:00,room2
MA TestSystem,device_main,raspberry,,processor,21.08333333333333,2021-01-03 23:00:05+01:00,room1
MA TestSystem,device_main,raspberry,,processor,5.265,2021-01-03 23:00:05+01:00,outside
MA TestSystem,device_main,raspberry,,processor,21.646666666666665,2021-01-03 23:00:05+01:00,room1
MA TestSystem,device_in_1,esp8266_2,ds18b20_2,t2,19.793333333333333,2021-01-04 00:00:00+01:00,room1
MA TestSystem,device_out,aqara_multisensor_2,aqara_temp_2,t4,5.855,2021-01-04 00:00:00+01:00,outside
MA TestSystem,device_in_1,esp8266_1,ds18b20_1,t1,21.0,2021-01-04 00:00:00+01:00,room1
MA TestSystem,device_in_2,aqara_multisensor_1,aqara_temp_1,t3,21.26,2021-01-04 00:00:00+01:00,room2
MA TestSystem,device_main,raspberry,,processor,19.793333333333333,2021-01-04 00:00:05+01:00,room1
MA TestSystem,device_main,raspberry,,processor,21.26,2021-01-04 00:00:05+01:00,room2
MA TestSystem,device_main,raspberry,,processor,5.855,2021-01-04 00:00:05+01:00,outside
MA TestSystem,device_main,raspberry,,processor,21.0,2021-01-04 00:00:05+01:00,room1
MA TestSystem,device_in_1,esp8266_2,ds18b20_2,t2,19.815,2021-01-04 01:00:00+01:00,room1
MA TestSystem,device_out,aqara_multisensor_2,aqara_temp_2,t4,5.33,2021-01-04 01:00:00+01:00,outside
MA TestSystem,device_in_2,aqara_multisensor_1,aqara_temp_1,t3,21.1,2021-01-04 01:00:00+01:00,room2
MA TestSystem,device_in_1,esp8266_1,ds18b20_1,t1,21.0,2021-01-04 01:00:00+01:00,room1
MA TestSystem,device_main,raspberry,,processor,5.33,2021-01-04 01:00:05+01:00,outside
MA TestSystem,device_main,raspberry,,processor,21.1,2021-01-04 01:00:05+01:00,room2
MA TestSystem,device_main,raspberry,,processor,21.0,2021-01-04 01:00:05+01:00,room1
MA TestSystem,device_main,raspberry,,processor,19.815,2021-01-04 01:00:05+01:00,room1
MA TestSystem,device_in_2,aqara_multisensor_1,aqara_temp_1,t3,20.96,2021-01-04 02:00:00+01:00,room2
MA TestSystem,device_in_1,esp8266_2,ds18b20_2,t2,19.815,2021-01-04 02:00:00+01:00,room1
MA TestSystem,device_out,aqara_multisensor_2,aqara_temp_2,t4,5.61,2021-01-04 02:00:00+01:00,outside
MA TestSystem,device_in_1,esp8266_1,ds18b20_1,t1,21.0,2021-01-04 02:00:00+01:00,room1
MA TestSystem,device_main,raspberry,,processor,5.61,2021-01-04 02:00:05+01:00,outside
MA TestSystem,device_main,raspberry,,processor,20.96,2021-01-04 02:00:05+01:00,room2
MA TestSystem,device_main,raspberry,,processor,19.815,2021-01-04 02:00:05+01:00,room1
MA TestSystem,device_main,raspberry,,processor,21.0,2021-01-04 02:00:05+01:00,room1
MA TestSystem,device_in_2,aqara_multisensor_1,aqara_temp_1,t3,20.92,2021-01-04 03:00:00+01:00,room2
MA TestSystem,device_out,aqara_multisensor_2,aqara_temp_2,t4,5.800000000000001,2021-01-04 03:00:00+01:00,outside
MA TestSystem,device_in_1,esp8266_1,ds18b20_1,t1,20.88,2021-01-04 03:00:00+01:00,room1
MA TestSystem,device_in_1,esp8266_2,ds18b20_2,t2,19.793333333333333,2021-01-04 03:00:00+01:00,room1
MA TestSystem,device_main,raspberry,,processor,20.92,2021-01-04 03:00:05+01:00,room2
MA TestSystem,device_main,raspberry,,processor,20.88,2021-01-04 03:00:05+01:00,room1
MA TestSystem,device_main,raspberry,,processor,19.793333333333333,2021-01-04 03:00:05+01:00,room1
MA TestSystem,device_main,raspberry,,processor,5.800000000000001,2021-01-04 03:00:05+01:00,outside
MA TestSystem,device_out,aqara_multisensor_2,aqara_temp_2,t4,5.83,2021-01-04 04:00:00+01:00,outside
MA TestSystem,device_in_1,esp8266_1,ds18b20_1,t1,21.0,2021-01-04 04:00:00+01:00,room1
MA TestSystem,device_in_2,aqara_multisensor_1,aqara_temp_1,t3,20.985,2021-01-04 04:00:00+01:00,room2
MA TestSystem,device_in_1,esp8266_2,ds18b20_2,t2,19.88,2021-01-04 04:00:00+01:00,room1
MA TestSystem,device_main,raspberry,,processor,21.0,2021-01-04 04:00:05+01:00,room1
MA TestSystem,device_main,raspberry,,processor,20.985,2021-01-04 04:00:05+01:00,room2
MA TestSystem,device_main,raspberry,,processor,19.88,2021-01-04 04:00:05+01:00,room1
MA TestSystem,device_main,raspberry,,processor,5.83,2021-01-04 04:00:05+01:00,outside
MA TestSystem,device_in_1,esp8266_2,ds18b20_2,t2,19.75,2021-01-04 05:00:00+01:00,room1
MA TestSystem,device_in_2,aqara_multisensor_1,aqara_temp_1,t3,20.74,2021-01-04 05:00:00+01:00,room2
MA TestSystem,device_in_1,esp8266_1,ds18b20_1,t1,20.875,2021-01-04 05:00:00+01:00,room1
MA TestSystem,device_out,aqara_multisensor_2,aqara_temp_2,t4,5.82,2021-01-04 05:00:00+01:00,outside
MA TestSystem,device_main,raspberry,,processor,20.74,2021-01-04 05:00:05+01:00,room2
MA TestSystem,device_main,raspberry,,processor,19.75,2021-01-04 05:00:05+01:00,room1
MA TestSystem,device_main,raspberry,,processor,20.875,2021-01-04 05:00:05+01:00,room1
MA TestSystem,device_main,raspberry,,processor,5.82,2021-01-04 05:00:05+01:00,outside
MA TestSystem,device_in_2,aqara_multisensor_1,aqara_temp_1,t3,20.91,2021-01-04 06:00:00+01:00,room2
MA TestSystem,device_in_1,esp8266_2,ds18b20_2,t2,19.75,2021-01-04 06:00:00+01:00,room1
MA TestSystem,device_out,aqara_multisensor_2,aqara_temp_2,t4,5.74,2021-01-04 06:00:00+01:00,outside
MA TestSystem,device_in_1,esp8266_1,ds18b20_1,t1,20.97,2021-01-04 06:00:00+01:00,room1
MA TestSystem,device_main,raspberry,,processor,20.97,2021-01-04 06:00:05+01:00,room1
MA TestSystem,device_main,raspberry,,processor,5.74,2021-01-04 06:00:05+01:00,outside
MA TestSystem,device_main,raspberry,,processor,19.75,2021-01-04 06:00:05+01:00,room1
MA TestSystem,device_main,raspberry,,processor,20.91,2021-01-04 06:00:05+01:00,room2
MA TestSystem,device_out,aqara_multisensor_2,aqara_temp_2,t4,5.779999999999999,2021-01-04 07:00:00+01:00,outside
MA TestSystem,device_in_1,esp8266_1,ds18b20_1,t1,20.97,2021-01-04 07:00:00+01:00,room1
MA TestSystem,device_in_1,esp8266_2,ds18b20_2,t2,19.75,2021-01-04 07:00:00+01:00,room1
MA TestSystem,device_in_2,aqara_multisensor_1,aqara_temp_1,t3,20.950000000000003,2021-01-04 07:00:00+01:00,room2
MA TestSystem,device_main,raspberry,,processor,5.779999999999999,2021-01-04 07:00:05+01:00,outside
MA TestSystem,device_main,raspberry,,processor,19.75,2021-01-04 07:00:05+01:00,room1
MA TestSystem,device_main,raspberry,,processor,20.97,2021-01-04 07:00:05+01:00,room1
MA TestSystem,device_main,raspberry,,processor,20.950000000000003,2021-01-04 07:00:05+01:00,room2
MA TestSystem,device_in_2,aqara_multisensor_1,aqara_temp_1,t3,21.4225,2021-01-04 08:00:00+01:00,room2
MA TestSystem,device_in_1,esp8266_2,ds18b20_2,t2,19.88,2021-01-04 08:00:00+01:00,room1
MA TestSystem,device_in_1,esp8266_1,ds18b20_1,t1,21.0,2021-01-04 08:00:00+01:00,room1
MA TestSystem,device_out,aqara_multisensor_2,aqara_temp_2,t4,5.52,2021-01-04 08:00:00+01:00,outside
MA TestSystem,device_main,raspberry,,processor,19.88,2021-01-04 08:00:05+01:00,room1
MA TestSystem,device_main,raspberry,,processor,21.4225,2021-01-04 08:00:05+01:00,room2
MA TestSystem,device_main,raspberry,,processor,21.0,2021-01-04 08:00:05+01:00,room1
MA TestSystem,device_main,raspberry,,processor,5.52,2021-01-04 08:00:05+01:00,outside
MA TestSystem,device_in_1,esp8266_2,ds18b20_2,t2,19.793333333333333,2021-01-04 09:00:00+01:00,room1
MA TestSystem,device_in_1,esp8266_1,ds18b20_1,t1,21.0175,2021-01-04 09:00:00+01:00,room1
MA TestSystem,device_in_2,aqara_multisensor_1,aqara_temp_1,t3,21.786666666666665,2021-01-04 09:00:00+01:00,room2
MA TestSystem,device_out,aqara_multisensor_2,aqara_temp_2,t4,5.345,2021-01-04 09:00:00+01:00,outside
MA TestSystem,device_main,raspberry,,processor,19.793333333333333,2021-01-04 09:00:05+01:00,room1
MA TestSystem,device_main,raspberry,,processor,21.786666666666665,2021-01-04 09:00:05+01:00,room2
MA TestSystem,device_main,raspberry,,processor,21.0175,2021-01-04 09:00:05+01:00,room1
MA TestSystem,device_main,raspberry,,processor,5.345,2021-01-04 09:00:05+01:00,outside
MA TestSystem,device_out,aqara_multisensor_2,aqara_temp_2,t4,5.52,2021-01-04 10:00:00+01:00,outside
MA TestSystem,device_in_2,aqara_multisensor_1,aqara_temp_1,t3,22.005,2021-01-04 10:00:00+01:00,room2
MA TestSystem,device_in_1,esp8266_2,ds18b20_2,t2,19.793333333333333,2021-01-04 10:00:00+01:00,room1
MA TestSystem,device_in_1,esp8266_1,ds18b20_1,t1,21.06,2021-01-04 10:00:00+01:00,room1
MA TestSystem,device_main,raspberry,,processor,19.793333333333333,2021-01-04 10:00:05+01:00,room1
MA TestSystem,device_main,raspberry,,processor,5.52,2021-01-04 10:00:05+01:00,outside
MA TestSystem,device_main,raspberry,,processor,21.06,2021-01-04 10:00:05+01:00,room1
MA TestSystem,device_main,raspberry,,processor,22.005,2021-01-04 10:00:05+01:00,room2
MA TestSystem,device_out,aqara_multisensor_2,aqara_temp_2,t4,5.85,2021-01-04 11:00:00+01:00,outside
MA TestSystem,device_in_1,esp8266_1,ds18b20_1,t1,20.81,2021-01-04 11:00:00+01:00,room1
MA TestSystem,device_in_2,aqara_multisensor_1,aqara_temp_1,t3,21.57333333333333,2021-01-04 11:00:00+01:00,room2
MA TestSystem,device_in_1,esp8266_2,ds18b20_2,t2,19.75,2021-01-04 11:00:00+01:00,room1
MA TestSystem,device_main,raspberry,,processor,5.85,2021-01-04 11:00:05+01:00,outside
MA TestSystem,device_main,raspberry,,processor,20.81,2021-01-04 11:00:05+01:00,room1
MA TestSystem,device_main,raspberry,,processor,21.57333333333333,2021-01-04 11:00:05+01:00,room2
MA TestSystem,device_main,raspberry,,processor,19.75,2021-01-04 11:00:05+01:00,room1
MA TestSystem,device_in_1,esp8266_1,ds18b20_1,t1,21.065,2021-01-04 12:00:00+01:00,room1
MA TestSystem,device_in_2,aqara_multisensor_1,aqara_temp_1,t3,21.4225,2021-01-04 12:00:00+01:00,room2
MA TestSystem,device_in_1,esp8266_2,ds18b20_2,t2,19.88,2021-01-04 12:00:00+01:00,room1
MA TestSystem,device_out,aqara_multisensor_2,aqara_temp_2,t4,5.92,2021-01-04 12:00:00+01:00,outside
MA TestSystem,device_main,raspberry,,processor,21.065,2021-01-04 12:00:05+01:00,room1
MA TestSystem,device_main,raspberry,,processor,5.92,2021-01-04 12:00:05+01:00,outside
MA TestSystem,device_main,raspberry,,processor,19.88,2021-01-04 12:00:05+01:00,room1
MA TestSystem,device_main,raspberry,,processor,21.4225,2021-01-04 12:00:05+01:00,room2
MA TestSystem,device_out,aqara_multisensor_2,aqara_temp_2,t4,6.115,2021-01-04 13:00:00+01:00,outside
MA TestSystem,device_in_1,esp8266_2,ds18b20_2,t2,20.0175,2021-01-04 13:00:00+01:00,room1
MA TestSystem,device_in_1,esp8266_1,ds18b20_1,t1,21.0,2021-01-04 13:00:00+01:00,room1
MA TestSystem,device_in_2,aqara_multisensor_1,aqara_temp_1,t3,21.9,2021-01-04 13:00:00+01:00,room2
MA TestSystem,device_main,raspberry,,processor,6.115,2021-01-04 13:00:05+01:00,outside
MA TestSystem,device_main,raspberry,,processor,20.0175,2021-01-04 13:00:05+01:00,room1
MA TestSystem,device_main,raspberry,,processor,21.9,2021-01-04 13:00:05+01:00,room2
MA TestSystem,device_main,raspberry,,processor,21.0,2021-01-04 13:00:05+01:00,room1
MA TestSystem,device_in_1,esp8266_2,ds18b20_2,t2,20.0175,2021-01-04 14:00:00+01:00,room1
MA TestSystem,device_in_2,aqara_multisensor_1,aqara_temp_1,t3,21.645,2021-01-04 14:00:00+01:00,room2
MA TestSystem,device_out,aqara_multisensor_2,aqara_temp_2,t4,6.19,2021-01-04 14:00:00+01:00,outside
MA TestSystem,device_in_1,esp8266_1,ds18b20_1,t1,21.0,2021-01-04 14:00:00+01:00,room1
MA TestSystem,device_main,raspberry,,processor,21.0,2021-01-04 14:00:05+01:00,room1
MA TestSystem,device_main,raspberry,,processor,20.0175,2021-01-04 14:00:05+01:00,room1
MA TestSystem,device_main,raspberry,,processor,21.645,2021-01-04 14:00:05+01:00,room2
MA TestSystem,device_main,raspberry,,processor,6.19,2021-01-04 14:00:05+01:00,outside
MA TestSystem,device_in_2,aqara_multisensor_1,aqara_temp_1,t3,21.62,2021-01-04 15:00:00+01:00,room2
MA TestSystem,device_in_1,esp8266_1,ds18b20_1,t1,20.88,2021-01-04 15:00:00+01:00,room1
MA TestSystem,device_in_1,esp8266_2,ds18b20_2,t2,19.815,2021-01-04 15:00:00+01:00,room1
MA TestSystem,device_out,aqara_multisensor_2,aqara_temp_2,t4,5.695,2021-01-04 15:00:00+01:00,outside
MA TestSystem,device_main,raspberry,,processor,21.62,2021-01-04 15:00:05+01:00,room2
MA TestSystem,device_main,raspberry,,processor,20.88,2021-01-04 15:00:05+01:00,room1
MA TestSystem,device_main,raspberry,,processor,5.695,2021-01-04 15:00:05+01:00,outside
MA TestSystem,device_main,raspberry,,processor,19.815,2021-01-04 15:00:05+01:00,room1
MA TestSystem,device_in_2,aqara_multisensor_1,aqara_temp_1,t3,21.82,2021-01-04 16:00:00+01:00,room2
MA TestSystem,device_in_1,esp8266_1,ds18b20_1,t1,21.146666666666665,2021-01-04 16:00:00+01:00,room1
MA TestSystem,device_out,aqara_multisensor_2,aqara_temp_2,t4,4.739999999999999,2021-01-04 16:00:00+01:00,outside
MA TestSystem,device_in_1,esp8266_2,ds18b20_2,t2,19.875,2021-01-04 16:00:00+01:00,room1
MA TestSystem,device_main,raspberry,,processor,19.875,2021-01-04 16:00:05+01:00,room1
MA TestSystem,device_main,raspberry,,processor,21.146666666666665,2021-01-04 16:00:05+01:00,room1
MA TestSystem,device_main,raspberry,,processor,21.82,2021-01-04 16:00:05+01:00,room2
MA TestSystem,device_main,raspberry,,processor,4.739999999999999,2021-01-04 16:00:05+01:00,outside
MA TestSystem,device_in_2,aqara_multisensor_1,aqara_temp_1,t3,21.91,2021-01-04 17:00:00+01:00,room2
MA TestSystem,device_in_1,esp8266_2,ds18b20_2,t2,19.81,2021-01-04 17:00:00+01:00,room1
MA TestSystem,device_out,aqara_multisensor_2,aqara_temp_2,t4,4.09,2021-01-04 17:00:00+01:00,outside
MA TestSystem,device_in_1,esp8266_1,ds18b20_1,t1,21.375,2021-01-04 17:00:00+01:00,room1
MA TestSystem,device_main,raspberry,,processor,21.91,2021-01-04 17:00:05+01:00,room2
MA TestSystem,device_main,raspberry,,processor,4.09,2021-01-04 17:00:05+01:00,outside
MA TestSystem,device_main,raspberry,,processor,19.81,2021-01-04 17:00:05+01:00,room1
MA TestSystem,device_main,raspberry,,processor,21.375,2021-01-04 17:00:05+01:00,room1
MA TestSystem,device_in_2,aqara_multisensor_1,aqara_temp_1,t3,22.08,2021-01-04 18:00:00+01:00,room2
MA TestSystem,device_in_1,esp8266_2,ds18b20_2,t2,19.625,2021-01-04 18:00:00+01:00,room1
MA TestSystem,device_out,aqara_multisensor_2,aqara_temp_2,t4,4.305,2021-01-04 18:00:00+01:00,outside
MA TestSystem,device_in_1,esp8266_1,ds18b20_1,t1,21.435,2021-01-04 18:00:00+01:00,room1
MA TestSystem,device_main,raspberry,,processor,4.305,2021-01-04 18:00:05+01:00,outside
MA TestSystem,device_main,raspberry,,processor,22.08,2021-01-04 18:00:05+01:00,room2
MA TestSystem,device_main,raspberry,,processor,21.435,2021-01-04 18:00:05+01:00,room1
MA TestSystem,device_main,raspberry,,processor,19.625,2021-01-04 18:00:05+01:00,room1
MA TestSystem,device_out,aqara_multisensor_2,aqara_temp_2,t4,3.855,2021-01-04 19:00:00+01:00,outside
MA TestSystem,device_in_1,esp8266_1,ds18b20_1,t1,21.7025,2021-01-04 19:00:00+01:00,room1
MA TestSystem,device_in_2,aqara_multisensor_1,aqara_temp_1,t3,22.065,2021-01-04 19:00:00+01:00,room2
MA TestSystem,device_in_1,esp8266_2,ds18b20_2,t2,19.69,2021-01-04 19:00:00+01:00,room1
MA TestSystem,device_main,raspberry,,processor,21.7025,2021-01-04 19:00:05+01:00,room1
MA TestSystem,device_main,raspberry,,processor,19.69,2021-01-04 19:00:05+01:00,room1
MA TestSystem,device_main,raspberry,,processor,3.855,2021-01-04 19:00:05+01:00,outside
MA TestSystem,device_main,raspberry,,processor,22.065,2021-01-04 19:00:05+01:00,room2
MA TestSystem,device_in_1,esp8266_1,ds18b20_1,t1,22.19,2021-01-04 20:00:00+01:00,room1
MA TestSystem,device_in_1,esp8266_2,ds18b20_2,t2,19.81,2021-01-04 20:00:00+01:00,room1
MA TestSystem,device_out,aqara_multisensor_2,aqara_temp_2,t4,3.7775,2021-01-04 20:00:00+01:00,outside
MA TestSystem,device_in_2,aqara_multisensor_1,aqara_temp_1,t3,22.35,2021-01-04 20:00:00+01:00,room2
MA TestSystem,device_main,raspberry,,processor,3.7775,2021-01-04 20:00:05+01:00,outside
MA TestSystem,device_main,raspberry,,processor,22.35,2021-01-04 20:00:05+01:00,room2
MA TestSystem,device_main,raspberry,,processor,22.19,2021-01-04 20:00:05+01:00,room1
MA TestSystem,device_main,raspberry,,processor,19.81,2021-01-04 20:00:05+01:00,room1
MA TestSystem,device_in_1,esp8266_2,ds18b20_2,t2,19.75,2021-01-04 21:00:00+01:00,room1
MA TestSystem,device_in_2,aqara_multisensor_1,aqara_temp_1,t3,22.57,2021-01-04 21:00:00+01:00,room2
MA TestSystem,device_out,aqara_multisensor_2,aqara_temp_2,t4,3.27,2021-01-04 21:00:00+01:00,outside
MA TestSystem,device_in_1,esp8266_1,ds18b20_1,t1,21.88,2021-01-04 21:00:00+01:00,room1
MA TestSystem,device_main,raspberry,,processor,22.57,2021-01-04 21:00:05+01:00,room2
MA TestSystem,device_main,raspberry,,processor,3.27,2021-01-04 21:00:05+01:00,outside
MA TestSystem,device_main,raspberry,,processor,21.88,2021-01-04 21:00:05+01:00,room1
MA TestSystem,device_main,raspberry,,processor,19.75,2021-01-04 21:00:05+01:00,room1
MA TestSystem,device_in_1,esp8266_1,ds18b20_1,t1,22.6425,2021-01-04 22:00:00+01:00,room1
MA TestSystem,device_out,aqara_multisensor_2,aqara_temp_2,t4,3.1825,2021-01-04 22:00:00+01:00,outside
MA TestSystem,device_in_1,esp8266_2,ds18b20_2,t2,19.75,2021-01-04 22:00:00+01:00,room1
MA TestSystem,device_in_2,aqara_multisensor_1,aqara_temp_1,t3,21.820000000000004,2021-01-04 22:00:00+01:00,room2
MA TestSystem,device_main,raspberry,,processor,21.820000000000004,2021-01-04 22:00:05+01:00,room2
MA TestSystem,device_main,raspberry,,processor,3.1825,2021-01-04 22:00:05+01:00,outside
MA TestSystem,device_main,raspberry,,processor,22.6425,2021-01-04 22:00:05+01:00,room1
MA TestSystem,device_main,raspberry,,processor,19.75,2021-01-04 22:00:05+01:00,room1
MA TestSystem,device_out,aqara_multisensor_2,aqara_temp_2,t4,4.510000000000001,2021-01-04 23:00:00+01:00,outside
MA TestSystem,device_in_2,aqara_multisensor_1,aqara_temp_1,t3,21.49,2021-01-04 23:00:00+01:00,room2
MA TestSystem,device_in_1,esp8266_2,ds18b20_2,t2,19.535,2021-01-04 23:00:00+01:00,room1
MA TestSystem,device_in_1,esp8266_1,ds18b20_1,t1,21.58,2021-01-04 23:00:00+01:00,room1
MA TestSystem,device_main,raspberry,,processor,4.510000000000001,2021-01-04 23:00:05+01:00,outside
MA TestSystem,device_main,raspberry,,processor,19.535,2021-01-04 23:00:05+01:00,room1
MA TestSystem,device_main,raspberry,,processor,21.49,2021-01-04 23:00:05+01:00,room2
MA TestSystem,device_main,raspberry,,processor,21.58,2021-01-04 23:00:05+01:00,room1
MA TestSystem,device_in_2,aqara_multisensor_1,aqara_temp_1,t3,21.255000000000003,2021-01-05 00:00:00+01:00,room2
MA TestSystem,device_in_1,esp8266_2,ds18b20_2,t2,19.56,2021-01-05 00:00:00+01:00,room1
MA TestSystem,device_in_1,esp8266_1,ds18b20_1,t1,21.96,2021-01-05 00:00:00+01:00,room1
MA TestSystem,device_out,aqara_multisensor_2,aqara_temp_2,t4,5.165,2021-01-05 00:00:00+01:00,outside
MA TestSystem,device_main,raspberry,,processor,19.56,2021-01-05 00:00:05+01:00,room1
MA TestSystem,device_main,raspberry,,processor,21.96,2021-01-05 00:00:05+01:00,room1
MA TestSystem,device_main,raspberry,,processor,21.255000000000003,2021-01-05 00:00:05+01:00,room2
MA TestSystem,device_main,raspberry,,processor,5.165,2021-01-05 00:00:05+01:00,outside
MA TestSystem,device_in_1,esp8266_1,ds18b20_1,t1,21.56,2021-01-05 01:00:00+01:00,room1
MA TestSystem,device_in_2,aqara_multisensor_1,aqara_temp_1,t3,21.12,2021-01-05 01:00:00+01:00,room2
MA TestSystem,device_out,aqara_multisensor_2,aqara_temp_2,t4,5.38,2021-01-05 01:00:00+01:00,outside
MA TestSystem,device_in_1,esp8266_2,ds18b20_2,t2,19.69,2021-01-05 01:00:00+01:00,room1
MA TestSystem,device_main,raspberry,,processor,21.56,2021-01-05 01:00:05+01:00,room1
MA TestSystem,device_main,raspberry,,processor,21.12,2021-01-05 01:00:05+01:00,room2
MA TestSystem,device_main,raspberry,,processor,5.38,2021-01-05 01:00:05+01:00,outside
MA TestSystem,device_main,raspberry,,processor,19.69,2021-01-05 01:00:05+01:00,room1
MA TestSystem,device_in_2,aqara_multisensor_1,aqara_temp_1,t3,20.82,2021-01-05 02:00:00+01:00,room2
MA TestSystem,device_in_1,esp8266_1,ds18b20_1,t1,21.44,2021-01-05 02:00:00+01:00,room1
MA TestSystem,device_out,aqara_multisensor_2,aqara_temp_2,t4,5.5600000000000005,2021-01-05 02:00:00+01:00,outside
MA TestSystem,device_in_1,esp8266_2,ds18b20_2,t2,19.69,2021-01-05 02:00:00+01:00,room1
MA TestSystem,device_main,raspberry,,processor,21.44,2021-01-05 02:00:05+01:00,room1
MA TestSystem,device_main,raspberry,,processor,5.5600000000000005,2021-01-05 02:00:05+01:00,outside
MA TestSystem,device_main,raspberry,,processor,20.82,2021-01-05 02:00:05+01:00,room2
MA TestSystem,device_main,raspberry,,processor,19.69,2021-01-05 02:00:05+01:00,room1
MA TestSystem,device_in_1,esp8266_2,ds18b20_2,t2,19.69,2021-01-05 03:00:00+01:00,room1
MA TestSystem,device_in_2,aqara_multisensor_1,aqara_temp_1,t3,20.86,2021-01-05 03:00:00+01:00,room2
MA TestSystem,device_out,aqara_multisensor_2,aqara_temp_2,t4,5.6,2021-01-05 03:00:00+01:00,outside
MA TestSystem,device_in_1,esp8266_1,ds18b20_1,t1,21.125,2021-01-05 03:00:00+01:00,room1
MA TestSystem,device_main,raspberry,,processor,5.6,2021-01-05 03:00:05+01:00,outside
MA TestSystem,device_main,raspberry,,processor,19.69,2021-01-05 03:00:05+01:00,room1
MA TestSystem,device_main,raspberry,,processor,20.86,2021-01-05 03:00:05+01:00,room2
MA TestSystem,device_main,raspberry,,processor,21.125,2021-01-05 03:00:05+01:00,room1
MA TestSystem,device_out,aqara_multisensor_2,aqara_temp_2,t4,5.675,2021-01-05 04:00:00+01:00,outside
MA TestSystem,device_in_1,esp8266_2,ds18b20_2,t2,19.69,2021-01-05 04:00:00+01:00,room1
MA TestSystem,device_in_2,aqara_multisensor_1,aqara_temp_1,t3,20.8,2021-01-05 04:00:00+01:00,room2
MA TestSystem,device_in_1,esp8266_1,ds18b20_1,t1,21.125,2021-01-05 04:00:00+01:00,room1
MA TestSystem,device_main,raspberry,,processor,21.125,2021-01-05 04:00:05+01:00,room1
MA TestSystem,device_main,raspberry,,processor,20.8,2021-01-05 04:00:05+01:00,room2
MA TestSystem,device_main,raspberry,,processor,19.69,2021-01-05 04:00:05+01:00,room1
MA TestSystem,device_main,raspberry,,processor,5.675,2021-01-05 04:00:05+01:00,outside
MA TestSystem,device_in_1,esp8266_2,ds18b20_2,t2,19.69,2021-01-05 05:00:00+01:00,room1
MA TestSystem,device_out,aqara_multisensor_2,aqara_temp_2,t4,5.76,2021-01-05 05:00:00+01:00,outside
MA TestSystem,device_in_2,aqara_multisensor_1,aqara_temp_1,t3,20.59,2021-01-05 05:00:00+01:00,room2
MA TestSystem,device_in_1,esp8266_1,ds18b20_1,t1,20.81,2021-01-05 05:00:00+01:00,room1
MA TestSystem,device_main,raspberry,,processor,20.81,2021-01-05 05:00:05+01:00,room1
MA TestSystem,device_main,raspberry,,processor,5.76,2021-01-05 05:00:05+01:00,outside
MA TestSystem,device_main,raspberry,,processor,19.69,2021-01-05 05:00:05+01:00,room1
MA TestSystem,device_main,raspberry,,processor,20.59,2021-01-05 05:00:05+01:00,room2
MA TestSystem,device_in_2,aqara_multisensor_1,aqara_temp_1,t3,20.73333333333333,2021-01-05 06:00:00+01:00,room2
MA TestSystem,device_in_1,esp8266_1,ds18b20_1,t1,21.0,2021-01-05 06:00:00+01:00,room1
MA TestSystem,device_out,aqara_multisensor_2,aqara_temp_2,t4,5.866666666666667,2021-01-05 06:00:00+01:00,outside
MA TestSystem,device_in_1,esp8266_2,ds18b20_2,t2,19.69,2021-01-05 06:00:00+01:00,room1
MA TestSystem,device_main,raspberry,,processor,20.73333333333333,2021-01-05 06:00:05+01:00,room2
MA TestSystem,device_main,raspberry,,processor,21.0,2021-01-05 06:00:05+01:00,room1
MA TestSystem,device_main,raspberry,,processor,19.69,2021-01-05 06:00:05+01:00,room1
MA TestSystem,device_main,raspberry,,processor,5.866666666666667,2021-01-05 06:00:05+01:00,outside
MA TestSystem,device_out,aqara_multisensor_2,aqara_temp_2,t4,5.83,2021-01-05 07:00:00+01:00,outside
MA TestSystem,device_in_1,esp8266_1,ds18b20_1,t1,21.13,2021-01-05 07:00:00+01:00,room1
MA TestSystem,device_in_1,esp8266_2,ds18b20_2,t2,19.69,2021-01-05 07:00:00+01:00,room1
MA TestSystem,device_in_2,aqara_multisensor_1,aqara_temp_1,t3,20.86,2021-01-05 07:00:00+01:00,room2
MA TestSystem,device_main,raspberry,,processor,19.69,2021-01-05 07:00:05+01:00,room1
MA TestSystem,device_main,raspberry,,processor,20.86,2021-01-05 07:00:05+01:00,room2
MA TestSystem,device_main,raspberry,,processor,5.83,2021-01-05 07:00:05+01:00,outside
MA TestSystem,device_main,raspberry,,processor,21.13,2021-01-05 07:00:05+01:00,room1
MA TestSystem,device_in_2,aqara_multisensor_1,aqara_temp_1,t3,21.454,2021-01-05 08:00:00+01:00,room2
MA TestSystem,device_in_1,esp8266_1,ds18b20_1,t1,21.21,2021-01-05 08:00:00+01:00,room1
MA TestSystem,device_in_1,esp8266_2,ds18b20_2,t2,19.905,2021-01-05 08:00:00+01:00,room1
MA TestSystem,device_out,aqara_multisensor_2,aqara_temp_2,t4,5.62,2021-01-05 08:00:00+01:00,outside
MA TestSystem,device_main,raspberry,,processor,5.62,2021-01-05 08:00:05+01:00,outside
MA TestSystem,device_main,raspberry,,processor,21.21,2021-01-05 08:00:05+01:00,room1
MA TestSystem,device_main,raspberry,,processor,21.454,2021-01-05 08:00:05+01:00,room2
MA TestSystem,device_main,raspberry,,processor,19.905,2021-01-05 08:00:05+01:00,room1
MA TestSystem,device_out,aqara_multisensor_2,aqara_temp_2,t4,5.26,2021-01-05 09:00:00+01:00,outside
MA TestSystem,device_in_1,esp8266_1,ds18b20_1,t1,21.065,2021-01-05 09:00:00+01:00,room1
MA TestSystem,device_in_2,aqara_multisensor_1,aqara_temp_1,t3,21.75,2021-01-05 09:00:00+01:00,room2
MA TestSystem,device_in_1,esp8266_2,ds18b20_2,t2,19.905,2021-01-05 09:00:00+01:00,room1
MA TestSystem,device_main,raspberry,,processor,5.26,2021-01-05 09:00:05+01:00,outside
MA TestSystem,device_main,raspberry,,processor,21.75,2021-01-05 09:00:05+01:00,room2
MA TestSystem,device_main,raspberry,,processor,19.905,2021-01-05 09:00:05+01:00,room1
MA TestSystem,device_main,raspberry,,processor,21.065,2021-01-05 09:00:05+01:00,room1
MA TestSystem,device_in_1,esp8266_1,ds18b20_1,t1,21.065,2021-01-05 10:00:00+01:00,room1
MA TestSystem,device_out,aqara_multisensor_2,aqara_temp_2,t4,5.28,2021-01-05 10:00:00+01:00,outside
MA TestSystem,device_in_2,aqara_multisensor_1,aqara_temp_1,t3,21.92,2021-01-05 10:00:00+01:00,room2
MA TestSystem,device_in_1,esp8266_2,ds18b20_2,t2,19.94,2021-01-05 10:00:00+01:00,room1
MA TestSystem,device_main,raspberry,,processor,21.92,2021-01-05 10:00:05+01:00,room2
MA TestSystem,device_main,raspberry,,processor,5.28,2021-01-05 10:00:05+01:00,outside
MA TestSystem,device_main,raspberry,,processor,21.065,2021-01-05 10:00:05+01:00,room1
MA TestSystem,device_main,raspberry,,processor,19.94,2021-01-05 10:00:05+01:00,room1
MA TestSystem,device_in_2,aqara_multisensor_1,aqara_temp_1,t3,21.936666666666667,2021-01-05 11:00:00+01:00,room2
MA TestSystem,device_in_1,esp8266_1,ds18b20_1,t1,21.375,2021-01-05 11:00:00+01:00,room1
MA TestSystem,device_out,aqara_multisensor_2,aqara_temp_2,t4,5.68,2021-01-05 11:00:00+01:00,outside
MA TestSystem,device_in_1,esp8266_2,ds18b20_2,t2,20.625,2021-01-05 11:00:00+01:00,room1
MA TestSystem,device_main,raspberry,,processor,21.936666666666667,2021-01-05 11:00:05+01:00,room2
MA TestSystem,device_main,raspberry,,processor,5.68,2021-01-05 11:00:05+01:00,outside
MA TestSystem,device_main,raspberry,,processor,20.625,2021-01-05 11:00:05+01:00,room1
MA TestSystem,device_main,raspberry,,processor,21.375,2021-01-05 11:00:05+01:00,room1
MA TestSystem,device_in_1,esp8266_2,ds18b20_2,t2,20.2975,2021-01-05 12:00:00+01:00,room1
MA TestSystem,device_in_1,esp8266_1,ds18b20_1,t1,20.94,2021-01-05 12:00:00+01:00,room1
MA TestSystem,device_out,aqara_multisensor_2,aqara_temp_2,t4,5.84,2021-01-05 12:00:00+01:00,outside
MA TestSystem,device_in_2,aqara_multisensor_1,aqara_temp_1,t3,21.96,2021-01-05 12:00:00+01:00,room2
MA TestSystem,device_main,raspberry,,processor,20.2975,2021-01-05 12:00:05+01:00,room1
MA TestSystem,device_main,raspberry,,processor,21.96,2021-01-05 12:00:05+01:00,room2
MA TestSystem,device_main,raspberry,,processor,20.94,2021-01-05 12:00:05+01:00,room1
MA TestSystem,device_main,raspberry,,processor,5.84,2021-01-05 12:00:05+01:00,outside
MA TestSystem,device_in_2,aqara_multisensor_1,aqara_temp_1,t3,22.11,2021-01-05 13:00:00+01:00,room2
MA TestSystem,device_in_1,esp8266_1,ds18b20_1,t1,21.035,2021-01-05 13:00:00+01:00,room1
MA TestSystem,device_in_1,esp8266_2,ds18b20_2,t2,20.106666666666666,2021-01-05 13:00:00+01:00,room1
MA TestSystem,device_out,aqara_multisensor_2,aqara_temp_2,t4,5.98,2021-01-05 13:00:00+01:00,outside
MA TestSystem,device_main,raspberry,,processor,5.98,2021-01-05 13:00:05+01:00,outside
MA TestSystem,device_main,raspberry,,processor,20.106666666666666,2021-01-05 13:00:05+01:00,room1
MA TestSystem,device_main,raspberry,,processor,22.11,2021-01-05 13:00:05+01:00,room2
MA TestSystem,device_main,raspberry,,processor,21.035,2021-01-05 13:00:05+01:00,room1
MA TestSystem,device_in_2,aqara_multisensor_1,aqara_temp_1,t3,22.16,2021-01-05 14:00:00+01:00,room2
MA TestSystem,device_out,aqara_multisensor_2,aqara_temp_2,t4,6.4,2021-01-05 14:00:00+01:00,outside
MA TestSystem,device_in_1,esp8266_2,ds18b20_2,t2,20.13,2021-01-05 14:00:00+01:00,room1
MA TestSystem,device_in_1,esp8266_1,ds18b20_1,t1,21.626666666666665,2021-01-05 14:00:00+01:00,room1
MA TestSystem,device_main,raspberry,,processor,20.13,2021-01-05 14:00:05+01:00,room1
MA TestSystem,device_main,raspberry,,processor,6.4,2021-01-05 14:00:05+01:00,outside
MA TestSystem,device_main,raspberry,,processor,22.16,2021-01-05 14:00:05+01:00,room2
MA TestSystem,device_main,raspberry,,processor,21.626666666666665,2021-01-05 14:00:05+01:00,room1
MA TestSystem,device_in_1,esp8266_2,ds18b20_2,t2,20.25,2021-01-05 15:00:00+01:00,room1
MA TestSystem,device_in_2,aqara_multisensor_1,aqara_temp_1,t3,22.115,2021-01-05 15:00:00+01:00,room2
MA TestSystem,device_out,aqara_multisensor_2,aqara_temp_2,t4,6.23,2021-01-05 15:00:00+01:00,outside
MA TestSystem,device_in_1,esp8266_1,ds18b20_1,t1,21.565,2021-01-05 15:00:00+01:00,room1
MA TestSystem,device_main,raspberry,,processor,20.25,2021-01-05 15:00:05+01:00,room1
MA TestSystem,device_main,raspberry,,processor,22.115,2021-01-05 15:00:05+01:00,room2
MA TestSystem,device_main,raspberry,,processor,21.565,2021-01-05 15:00:05+01:00,room1
MA TestSystem,device_main,raspberry,,processor,6.23,2021-01-05 15:00:05+01:00,outside
MA TestSystem,device_out,aqara_multisensor_2,aqara_temp_2,t4,6.25,2021-01-05 16:00:00+01:00,outside
MA TestSystem,device_in_2,aqara_multisensor_1,aqara_temp_1,t3,21.76,2021-01-05 16:00:00+01:00,room2
MA TestSystem,device_in_1,esp8266_1,ds18b20_1,t1,21.315,2021-01-05 16:00:00+01:00,room1
MA TestSystem,device_in_1,esp8266_2,ds18b20_2,t2,20.00333333333333,2021-01-05 16:00:00+01:00,room1
MA TestSystem,device_main,raspberry,,processor,21.315,2021-01-05 16:00:05+01:00,room1
MA TestSystem,device_main,raspberry,,processor,21.76,2021-01-05 16:00:05+01:00,room2
MA TestSystem,device_main,raspberry,,processor,6.25,2021-01-05 16:00:05+01:00,outside
MA TestSystem,device_main,raspberry,,processor,20.00333333333333,2021-01-05 16:00:05+01:00,room1
MA TestSystem,device_in_1,esp8266_1,ds18b20_1,t1,21.166666666666668,2021-01-05 17:00:00+01:00,room1
MA TestSystem,device_out,aqara_multisensor_2,aqara_temp_2,t4,6.05,2021-01-05 17:00:00+01:00,outside
MA TestSystem,device_in_1,esp8266_2,ds18b20_2,t2,20.0,2021-01-05 17:00:00+01:00,room1
MA TestSystem,device_in_2,aqara_multisensor_1,aqara_temp_1,t3,21.07,2021-01-05 17:00:00+01:00,room2
MA TestSystem,device_main,raspberry,,processor,21.166666666666668,2021-01-05 17:00:05+01:00,room1
MA TestSystem,device_main,raspberry,,processor,6.05,2021-01-05 17:00:05+01:00,outside
MA TestSystem,device_main,raspberry,,processor,21.07,2021-01-05 17:00:05+01:00,room2
MA TestSystem,device_main,raspberry,,processor,20.0,2021-01-05 17:00:05+01:00,room1
MA TestSystem,device_out,aqara_multisensor_2,aqara_temp_2,t4,6.125,2021-01-05 18:00:00+01:00,outside
MA TestSystem,device_in_1,esp8266_1,ds18b20_1,t1,21.646666666666665,2021-01-05 18:00:00+01:00,room1
MA TestSystem,device_in_2,aqara_multisensor_1,aqara_temp_1,t3,20.815,2021-01-05 18:00:00+01:00,room2
MA TestSystem,device_in_1,esp8266_2,ds18b20_2,t2,20.19,2021-01-05 18:00:00+01:00,room1
MA TestSystem,device_main,raspberry,,processor,21.646666666666665,2021-01-05 18:00:05+01:00,room1
MA TestSystem,device_main,raspberry,,processor,20.19,2021-01-05 18:00:05+01:00,room1
MA TestSystem,device_main,raspberry,,processor,20.815,2021-01-05 18:00:05+01:00,room2
MA TestSystem,device_main,raspberry,,processor,6.125,2021-01-05 18:00:05+01:00,outside
MA TestSystem,device_in_1,esp8266_1,ds18b20_1,t1,21.535,2021-01-05 19:00:00+01:00,room1
MA TestSystem,device_out,aqara_multisensor_2,aqara_temp_2,t4,6.0,2021-01-05 19:00:00+01:00,outside
MA TestSystem,device_in_2,aqara_multisensor_1,aqara_temp_1,t3,20.74,2021-01-05 19:00:00+01:00,room2
MA TestSystem,device_in_1,esp8266_2,ds18b20_2,t2,20.06,2021-01-05 19:00:00+01:00,room1
MA TestSystem,device_main,raspberry,,processor,20.06,2021-01-05 19:00:05+01:00,room1
MA TestSystem,device_main,raspberry,,processor,6.0,2021-01-05 19:00:05+01:00,outside
MA TestSystem,device_main,raspberry,,processor,20.74,2021-01-05 19:00:05+01:00,room2
MA TestSystem,device_main,raspberry,,processor,21.535,2021-01-05 19:00:05+01:00,room1
MA TestSystem,device_in_1,esp8266_1,ds18b20_1,t1,21.81,2021-01-05 20:00:00+01:00,room1
MA TestSystem,device_in_2,aqara_multisensor_1,aqara_temp_1,t3,20.66,2021-01-05 20:00:00+01:00,room2
MA TestSystem,device_out,aqara_multisensor_2,aqara_temp_2,t4,6.07,2021-01-05 20:00:00+01:00,outside
MA TestSystem,device_in_1,esp8266_2,ds18b20_2,t2,19.94,2021-01-05 20:00:00+01:00,room1
MA TestSystem,device_main,raspberry,,processor,19.94,2021-01-05 20:00:05+01:00,room1
MA TestSystem,device_main,raspberry,,processor,6.07,2021-01-05 20:00:05+01:00,outside
MA TestSystem,device_main,raspberry,,processor,21.81,2021-01-05 20:00:05+01:00,room1
MA TestSystem,device_main,raspberry,,processor,20.66,2021-01-05 20:00:05+01:00,room2
MA TestSystem,device_in_1,esp8266_1,ds18b20_1,t1,21.81,2021-01-05 21:00:00+01:00,room1
MA TestSystem,device_in_1,esp8266_2,ds18b20_2,t2,20.13,2021-01-05 21:00:00+01:00,room1
MA TestSystem,device_in_2,aqara_multisensor_1,aqara_temp_1,t3,20.55,2021-01-05 21:00:00+01:00,room2
MA TestSystem,device_out,aqara_multisensor_2,aqara_temp_2,t4,6.04,2021-01-05 21:00:00+01:00,outside
MA TestSystem,device_main,raspberry,,processor,21.81,2021-01-05 21:00:05+01:00,room1
MA TestSystem,device_main,raspberry,,processor,6.04,2021-01-05 21:00:05+01:00,outside
MA TestSystem,device_main,raspberry,,processor,20.13,2021-01-05 21:00:05+01:00,room1
MA TestSystem,device_main,raspberry,,processor,20.55,2021-01-05 21:00:05+01:00,room2
MA TestSystem,device_in_2,aqara_multisensor_1,aqara_temp_1,t3,20.54,2021-01-05 22:00:00+01:00,room2
MA TestSystem,device_in_1,esp8266_1,ds18b20_1,t1,22.035,2021-01-05 22:00:00+01:00,room1
MA TestSystem,device_out,aqara_multisensor_2,aqara_temp_2,t4,6.105,2021-01-05 22:00:00+01:00,outside
MA TestSystem,device_in_1,esp8266_2,ds18b20_2,t2,20.13,2021-01-05 22:00:00+01:00,room1
MA TestSystem,device_main,raspberry,,processor,20.13,2021-01-05 22:00:05+01:00,room1
MA TestSystem,device_main,raspberry,,processor,6.105,2021-01-05 22:00:05+01:00,outside
MA TestSystem,device_main,raspberry,,processor,22.035,2021-01-05 22:00:05+01:00,room1
MA TestSystem,device_main,raspberry,,processor,20.54,2021-01-05 22:00:05+01:00,room2
MA TestSystem,device_in_2,aqara_multisensor_1,aqara_temp_1,t3,20.46,2021-01-05 23:00:00+01:00,room2
MA TestSystem,device_in_1,esp8266_1,ds18b20_1,t1,21.50333333333333,2021-01-05 23:00:00+01:00,room1
MA TestSystem,device_out,aqara_multisensor_2,aqara_temp_2,t4,5.97,2021-01-05 23:00:00+01:00,outside
MA TestSystem,device_in_1,esp8266_2,ds18b20_2,t2,19.875,2021-01-05 23:00:00+01:00,room1
MA TestSystem,device_main,raspberry,,processor,21.50333333333333,2021-01-05 23:00:05+01:00,room1
MA TestSystem,device_main,raspberry,,processor,5.97,2021-01-05 23:00:05+01:00,outside
MA TestSystem,device_main,raspberry,,processor,19.875,2021-01-05 23:00:05+01:00,room1
MA TestSystem,device_main,raspberry,,processor,20.46,2021-01-05 23:00:05+01:00,room2
MA TestSystem,device_in_1,esp8266_1,ds18b20_1,t1,21.25,2021-01-06 00:00:00+01:00,room1
MA TestSystem,device_in_1,esp8266_2,ds18b20_2,t2,19.813333333333333,2021-01-06 00:00:00+01:00,room1
MA TestSystem,device_in_2,aqara_multisensor_1,aqara_temp_1,t3,20.315,2021-01-06 00:00:00+01:00,room2
MA TestSystem,device_out,aqara_multisensor_2,aqara_temp_2,t4,5.645,2021-01-06 00:00:00+01:00,outside
MA TestSystem,device_main,raspberry,,processor,21.25,2021-01-06 00:00:05+01:00,room1
MA TestSystem,device_main,raspberry,,processor,19.813333333333333,2021-01-06 00:00:05+01:00,room1
MA TestSystem,device_main,raspberry,,processor,5.645,2021-01-06 00:00:05+01:00,outside
MA TestSystem,device_main,raspberry,,processor,20.315,2021-01-06 00:00:05+01:00,room2
MA TestSystem,device_out,aqara_multisensor_2,aqara_temp_2,t4,5.55,2021-01-06 01:00:00+01:00,outside
MA TestSystem,device_in_1,esp8266_1,ds18b20_1,t1,21.25,2021-01-06 01:00:00+01:00,room1
MA TestSystem,device_in_1,esp8266_2,ds18b20_2,t2,19.75,2021-01-06 01:00:00+01:00,room1
MA TestSystem,device_in_2,aqara_multisensor_1,aqara_temp_1,t3,20.24,2021-01-06 01:00:00+01:00,room2
MA TestSystem,device_main,raspberry,,processor,21.25,2021-01-06 01:00:05+01:00,room1
MA TestSystem,device_main,raspberry,,processor,5.55,2021-01-06 01:00:05+01:00,outside
MA TestSystem,device_main,raspberry,,processor,20.24,2021-01-06 01:00:05+01:00,room2
MA TestSystem,device_main,raspberry,,processor,19.75,2021-01-06 01:00:05+01:00,room1
MA TestSystem,device_in_1,esp8266_1,ds18b20_1,t1,21.25,2021-01-06 02:00:00+01:00,room1
MA TestSystem,device_in_2,aqara_multisensor_1,aqara_temp_1,t3,20.14,2021-01-06 02:00:00+01:00,room2
MA TestSystem,device_out,aqara_multisensor_2,aqara_temp_2,t4,5.37,2021-01-06 02:00:00+01:00,outside
MA TestSystem,device_in_1,esp8266_2,ds18b20_2,t2,19.75,2021-01-06 02:00:00+01:00,room1
MA TestSystem,device_main,raspberry,,processor,21.25,2021-01-06 02:00:05+01:00,room1
MA TestSystem,device_main,raspberry,,processor,19.75,2021-01-06 02:00:05+01:00,room1
MA TestSystem,device_main,raspberry,,processor,20.14,2021-01-06 02:00:05+01:00,room2
MA TestSystem,device_main,raspberry,,processor,5.37,2021-01-06 02:00:05+01:00,outside
MA TestSystem,device_in_1,esp8266_2,ds18b20_2,t2,19.56,2021-01-06 03:00:00+01:00,room1
MA TestSystem,device_in_1,esp8266_1,ds18b20_1,t1,21.313333333333333,2021-01-06 03:00:00+01:00,room1
MA TestSystem,device_out,aqara_multisensor_2,aqara_temp_2,t4,5.215,2021-01-06 03:00:00+01:00,outside
MA TestSystem,device_in_2,aqara_multisensor_1,aqara_temp_1,t3,20.130000000000003,2021-01-06 03:00:00+01:00,room2
MA TestSystem,device_main,raspberry,,processor,21.313333333333333,2021-01-06 03:00:05+01:00,room1
MA TestSystem,device_main,raspberry,,processor,20.130000000000003,2021-01-06 03:00:05+01:00,room2
MA TestSystem,device_main,raspberry,,processor,19.56,2021-01-06 03:00:05+01:00,room1
MA TestSystem,device_main,raspberry,,processor,5.215,2021-01-06 03:00:05+01:00,outside
MA TestSystem,device_in_1,esp8266_1,ds18b20_1,t1,21.375,2021-01-06 04:00:00+01:00,room1
MA TestSystem,device_in_1,esp8266_2,ds18b20_2,t2,19.56,2021-01-06 04:00:00+01:00,room1
MA TestSystem,device_out,aqara_multisensor_2,aqara_temp_2,t4,4.970000000000001,2021-01-06 04:00:00+01:00,outside
MA TestSystem,device_in_2,aqara_multisensor_1,aqara_temp_1,t3,20.225,2021-01-06 04:00:00+01:00,room2
MA TestSystem,device_main,raspberry,,processor,21.375,2021-01-06 04:00:05+01:00,room1
MA TestSystem,device_main,raspberry,,processor,19.56,2021-01-06 04:00:05+01:00,room1
MA TestSystem,device_main,raspberry,,processor,4.970000000000001,2021-01-06 04:00:05+01:00,outside
MA TestSystem,device_main,raspberry,,processor,20.225,2021-01-06 04:00:05+01:00,room2
MA TestSystem,device_in_1,esp8266_1,ds18b20_1,t1,21.19,2021-01-06 05:00:00+01:00,room1
MA TestSystem,device_out,aqara_multisensor_2,aqara_temp_2,t4,4.925000000000001,2021-01-06 05:00:00+01:00,outside
MA TestSystem,device_in_1,esp8266_2,ds18b20_2,t2,19.44,2021-01-06 05:00:00+01:00,room1
MA TestSystem,device_in_2,aqara_multisensor_1,aqara_temp_1,t3,20.05,2021-01-06 05:00:00+01:00,room2
MA TestSystem,device_main,raspberry,,processor,20.05,2021-01-06 05:00:05+01:00,room2
MA TestSystem,device_main,raspberry,,processor,19.44,2021-01-06 05:00:05+01:00,room1
MA TestSystem,device_main,raspberry,,processor,4.925000000000001,2021-01-06 05:00:05+01:00,outside
MA TestSystem,device_main,raspberry,,processor,21.19,2021-01-06 05:00:05+01:00,room1
MA TestSystem,device_out,aqara_multisensor_2,aqara_temp_2,t4,4.86,2021-01-06 06:00:00+01:00,outside
MA TestSystem,device_in_1,esp8266_1,ds18b20_1,t1,21.25,2021-01-06 06:00:00+01:00,room1
MA TestSystem,device_in_1,esp8266_2,ds18b20_2,t2,19.646666666666665,2021-01-06 06:00:00+01:00,room1
MA TestSystem,device_in_2,aqara_multisensor_1,aqara_temp_1,t3,20.08,2021-01-06 06:00:00+01:00,room2
MA TestSystem,device_main,raspberry,,processor,21.25,2021-01-06 06:00:05+01:00,room1
MA TestSystem,device_main,raspberry,,processor,4.86,2021-01-06 06:00:05+01:00,outside
MA TestSystem,device_main,raspberry,,processor,20.08,2021-01-06 06:00:05+01:00,room2
MA TestSystem,device_main,raspberry,,processor,19.646666666666665,2021-01-06 06:00:05+01:00,room1
